Zona,Lat,Lon,KEY
"PINTOR SOROLLA, Nº 1 (de Poeta Querol a Universidad)",39.4708559,-0.3739551,1
"JÁTIVA, Nº 14 (de Marqués de Sotelo a Arzobispo Mayoral)",39.4676453,-0.3784605,2
"GUILLEM DE CASTRO, Nº 2 (de Pl.San Agustín a Jesús)",39.468603,-0.3801803,3
"JESÚS, Nº 1 (de Guillem de Castro a G.V. Ramón y Cajal)",39.468506,-0.3812876,4
"SAN VICENTE MARTIR, Nº 87 (de Matemático Marzal a Pl. San Agustín)",39.4670063,-0.3804197,5
"MARQUÉS DE SOTELO, Nº 13 (de Játiva a Pl. Ayuntamiento)",39.4677794,-0.3766562,6
"MARQUÉS DE SOTELO, Nº 4 (de Pl. Ayuntamiento a S. Pablo)",39.4688897,-0.3772263,7
"PASCUAL Y GENÍS, Nº 17 (de Lauria a Colón)",39.4689819,-0.3736952000000001,8
"LAURIA, Nº 18 (de Pascual y Genís a Colón)",39.46906392509983,-0.3734927731527503,9
"SAGASTA, Nº 1 (de Pérez Bayer a Pascual y Genís)",39.4698919,-0.3736768,10
"PASCUAL Y GENÍS, Nº 2 (de Barcas a Correos)",39.4703182,-0.374068,11
"POETA QUEROL, Nº 8 (de Salvá a Pintor Sorolla)",39.4716683,-0.3745156,12
"BARCAS, Nº 5 (de Pl. Ayuntamiento a Poeta Querol)",39.4704893,-0.3752113,13
"PERIODISTA AZZATI, Nº 2 (de San Vicente Mártir a Pl. Ayuntamiento)",39.4697186,-0.3781528,14
"SAN VICENTE MARTIR, Nº 62 (de Periodista Azzati a Sangre)",39.4700557,-0.3786812,15
PADILLA nº 5 (de Av. del Oeste a S. Vicente Mártir),39.4699026,-0.3792018,16
"SAN VICENTE MARTIR, Nº 69 (de Pl. San Agustín a Periodista Azzati)",39.4689605,-0.3790928000000001,17
"QUEVEDO, Nº 20 (de Huesca a Guillem de Castro)",39.46920360000001,-0.3809463,18
AV. DEL OESTE nº 28 (de Linterna a Garrigues),39.4717718,-0.3800772,19
AV. DEL OESTE nº 47 (de Grabador Selma a Pl. S. Agustín),39.4694434,-0.3794177,20
"GUILLEM DE CASTRO, Nº 33 (de Jesús a Ángel Guimerá)",39.4689445,-0.3819187000000001,21
"JÁTIVA, Nº 15 (de Ruzafa a Marqués de Sotelo)",39.4675948,-0.376528,22
"COLÓN, Nº 9 (de Pascual y Genís a Játiva)",39.467926,-0.3741094,23
"COLÓN, Nº 13 (de Pizarro a Pascual y Genís)",39.4684368,-0.3734561,24
"COLÓN, Nº 31 (de Isabel la Católica a Lauria)",39.4696018,-0.3715223,25
"COLÓN, Nº 43 (de Conde Salvatierra a Sorní)",39.471236,-0.3696235,26
"SORNÍ, Nº 30 (de Pl. América a Grabador Esteve)",39.4701559,-0.3667711,27
"NAVARRO REVERTER, Nº 17 (de Porta de la Mar a Pl. América)",39.4711156,-0.3659595,28
PTE. DE LAS FLORES (de Pl. de América a Alameda),39.4738338,-0.3756348,29
"GRAL. PALANCA, Nº 2 (de Pl. Tetuán a Pl. Porta de la Mar)",39.47326899999999,-0.3691241,30
"PL. ALFONSO EL MAGNÁNIMO, Nº 5 (De Pintor Sorolla a Cerdán de Tallada)",39.4719657,-0.3700432,31
"PINTOR LÓPEZ, Nº 8 (de Pte. De laTrinidad a Poeta Llorente)",39.4780827,-0.3730954,32
"CONDE SALVATIERRA, Nº 10 (de Sorní a Colón)",39.47047,-0.36883,33
"PL. DE TETUAN, Nº 8 (de Pl. de Tetuán a Glorieta )",39.4752948,-0.3699566,35
PTE. DEL REAL (de Pl. Tetuán a Llano Del Real),39.476479,-0.3686098,36
PTE. TRINIDAD (de Pintor López a Alboraya),39.4790612,-0.372656,37
"CONDE TRENOR, Nº 4 (de Muro de Santa Ana a Pte. Trinidad)",39.4786398,-0.3742297,38
"SORNÍ, Nº 7 (de Conde Salvatierra a Colón)",39.4704328,-0.3688956,39
"PINTOR LÓPEZ, S/N (de Plaza Poeta Llorente a Pte. del Real)",39.4770956,-0.3712422,40
"PL. AMÉRICA, Nº 1 (de Ciudadela a G.V. Marqués del Turia)",39.4696214,-0.3649102,41
"BURRIANA, Nº 32 (de Císcar a Joaquín Costa)",39.4654768,-0.3655506000000001,42
"RUZAFA, Nº 20 (de G.V. Marqués del Turia a Cirilo Amorós)",39.4655593,-0.3735532,43
"FELIX PIZCUETA, Nº 23 (de Cirilo Amorós a G.V. Marqués del Turia)",39.4663852,-0.3725524,44
"G.V. MARQUÉS DEL TURIA, Nº 17 (de Félix Pizcueta a Ruzafa)",39.4657556,-0.3726114,45
"G.V. MARQUÉS DEL TURIA, Nº 27 (de Pizarro a Félix Pizcueta)",39.4661564,-0.3716513,46
"AV. REINO DE VALENCIA, Nº 6 (de G.V. Germanias a Pintor Salvador Abril)",39.46460039999999,-0.3729791,47
"RUZAFA, Nº 51 (de Denia a G.V. Marqués del Turia)",39.46382029999999,-0.3724984,48
"AV. REINO DE VALENCIA, Nº 7 (de Gregorio Mayans a G.V. Marqués del Turia)",39.464882,-0.3721688,49
"GREGORIO MAYANS, Nº 1 (de G.V. Marqués del Turia a Reino de Valencia)",39.465351,-0.3717751,50
"G.V. MARQUÉS DEL TURIA, Nº 12 (de Gregorio Mayans a Taquígrafo Martí)",39.4655035,-0.3717052,51
"HERNÁN CORTÉS, Nº 27 (de Cirilo Amorós a G.V. Marqués del Turia)",39.4672012,-0.3705848,52
"G.V. MARQUÉS DEL TURIA, Nº 41 (de Isabel La Católica a Hernán Cortés)",39.46682149999999,-0.3700409,53
"G.V. MARQUÉS DEL TURIA, Nº 46 (de Almirante Cadarso a Joaquín Costa)",39.4668058,-0.3687121,54
"ALMIRANTE CADARSO, Nº 9 (de Conde Altea a G.V. Marqués del Turia)",39.4662095,-0.3684379,55
"G.V. MARQUÉS DEL TURIA, Nº 61 (de Conde Salvatierra a Jorge Juan)",39.4679832,-0.3674595,56
"G.V. MARQUÉS DEL TURIA, Nº 58 (de Joaquín Costa a Císcar)",39.46718810000001,-0.367498,57
"CÍSCAR, Nº 11 (de Conde Altea a G.V. Marqués del Turia)",39.4671486,-0.3662279,58
"G.V. MARQUÉS DEL TURIA, Nº 78 (de Salamanca a Jacinto Benavente)",39.4682004,-0.3650895,59
"G.V. GERMANíAS, Nº 15 (de Cádiz a Ruzafa)",39.4641588,-0.3747168,60
PTE. DE ARAGÓN (de G.V. Marqués del Turia a Pl. Zaragoza),39.4689075,-0.3626537,61
"AV. REINO DE VALENCIA, N º 23 (de Martí a Gregorio Mayans)",39.4636489,-0.367143,62
"G.V. GERMANíAS, Nº 49 (de Cuba a Sueca)",39.4630327,-0.3775489,63
"GIBRALTAR, Nº 1 (de G.V. Germanías a Filipinas)",39.4626929,-0.3780134,65
"G.V. GERMANíAS, Nº 20 (de Ruzafa a Alicante y a Pza. España)",39.464239,-0.37605,66
"BURRIANA, Nº 3 (de Maestro Gozalbo a Av. Reino de Valencia)",39.46430549999999,-0.3690611,67
"PEDRO III EL GRANDE, Nº 19 (de Luis Santangel a Av. Reino de Valencia)",39.4633191,-0.3676452,68
"REINA Dª GERMANA, Nº 13 (de Joaquín Costa a Ciscar)",39.4643365,-0.3656227,69
"AV. REINO DE VALENCIA, Nº 68 (de Joaquín Costa a Reina Doña Germana)",39.4630126,-0.365371,70
"JOAQUÍN COSTA, Nº 54 (de Reina Doña Germana a Av. Reino de Valencia)",39.4637089,-0.365651,71
"CÍSCAR, Nº 46 (de Reina Doña Germana a Burriana)",39.4646789,-0.365009,72
"MATIAS PERELLÓ, Nº 58 (de Alejandro VI a Duque de Calabria)",39.462459,-0.3650959,73
"AV. REINO DE VALENCIA, Nº 74 (de Matías Perelló a Av. Peris y Valero)",39.4626814,-0.3642959,74
"JACINTO BENAVENTE, Nº 24 (de Reina Doña Germana a Mestre Racional)",39.4649169,-0.3620377,76
"JACINTO BENAVENTE, Nº 26 (de Mestre Racional a Av. Peris y Valero)",39.4644221,-0.361807,77
"JACINTO BENAVENTE, Nº 28 (de Pte. Ángel Custodio a Mestre Racional)",39.4636504,-0.3614128,78
"JACINTO BENAVENTE, Nº 12 (de Burriana a Pt. Aragón)",39.4669643,-0.3632739,79
PTE. ANGEL CUSTODIO (de Av. Peris y Valero a Alameda),39.4634362,-0.3599222,80
"ALCALDE REIG, Nº 7 (de Prof. López Piñero a Pte. Reino de Valencia)",39.46144779999999,-0.3604396,81
"ALCALDE REIG, Nº 6 (de Luis Oliag a Pedro Aleixandre)",39.4615844,-0.3604299,82
"PEDRO ALEIXANDRE, Nº 14 (de Luis Oliag a Peris y Valero)",39.4608187,-0.3639926,83
"AV. PERIS Y VALERO, Nº 168 (De Alejandro VI a Escultor José Capúz)",39.4616553,-0.3644171,84
"ESCULTOR JOSÉ CAPUZ, Nº 35 (de Pedro Aleixandre a Godofredo Ros)",39.4593411,-0.3609134,85
"AV. REINO DE VALENCIA, Nº 87 (de Alcalde Reig a Av. Peris y Valero)",39.4624737,-0.361175,86
"AV. REINO DE VALENCIA, Nº 98 (de Av. Peris y Valero a Alcalde Reig)",39.4620506,-0.3613622,87
PTE. REINO VALENCIA (De Alameda a Alcalde Reig),39.4618716,-0.3590014,88
"AV. AUSIAS MARCH, Nº 15 (de Rubén Vela a Pl. Manuel Sanchis Guarner)",39.4556709,-0.3744593,89
DR.WAKSMAN FRENTE Nº22 (DE FUENTE LA HIGUERA A RUBÉN VELA),39.4559041,-0.371383,90
"FILIPINAS, Nº 27 (de Literato Azorín a Centelles)",39.4588008,-0.3767297,91
"CENTELLES, Nº 51 (de Cuba a Filipinas)",39.4582594,-0.3749561,92
"AV. PERIS Y VALERO, Nº 48 (de Rubén Vela a Fuente la Higuera)",39.457618,-0.3737192,93
"CADIZ, Nº 68 (de Literato Azorín a Centelles)",39.4605725,-0.372886,94
"CADIZ, Nº 73 (de Centelles a Av. Peris y Valero)",39.4595091,-0.371745,95
"CENTELLES, Nº 13 (de Cabo Jubi a Cádiz)",39.45980060000001,-0.3710818,96
"AV. PERIS Y VALERO, Nº 80 (de Cª Fuente San Luis a Zapadores)",39.4587504,-0.3710371,97
"ZAPADORES, Nº 14 (de Luis Oliag a Av. Peris y Valero)",39.4586664,-0.3688806,98
"MAESTRO AGUILAR, Nº 30 (de Av. Peris y Valero a Centelles)",39.4598226,-0.3695488,99
"MATIAS PERELLÓ, Nº 6 (de Pintor Salvador Abril a Maestro Aguilar)",39.4607625,-0.3692077,100
"AV. PERIS Y VALERO, Nº 138 (de Zapadores a Obispo Jaime Pérez)",39.46020619999999,-0.3672407,101
"DUQUE DE CALABRIA, Nº 15 (de Av. Peris y Valero a Matías Perelló)",39.4617885,-0.3654144,102
"DUQUE DE CALABRIA, Nº 7 (de Matías Perelló a Reino de Valencia)",39.4625789,-0.3659959,103
"FILIPINAS, S/N - PZA. MANUEL GRANERO (de Centelles a Literato Azorín)",39.4584267,-0.3759302,104
"AV. PERIS Y VALERO, Nº 147 (de Luis Santangel a Dr. Sumsi)",39.4609601,-0.3667834,105
"AV. PERIS Y VALERO, Nº 127 (de Pintor Salvador Abril a Maestro Aguilar)",39.4600961,-0.3685863,106
"AV. PERIS Y VALERO, Nº 87 (de Cádiz a Sueca)",39.4587393,-0.3718582,107
"AV. PERIS Y VALERO, Nº 59 (de Cuba a Pl. Manuel Sanchis Guarner)",39.4577568,-0.3743389,108
"AV. AUSIAS MARCH, Nº 26 (de Amparo Iturbi a Av. de la Plata)",39.4545154,-0.3746432,109
"PINTOR SALVADOR ABRIL, Nº 45 (de Matías Perelló a Av. Peris y Valero)",39.4608472,-0.3685521,110
"AV. AUSIAS MARCH, Nº 35 (de Av. de la Plata a Bernia)",39.4533389,-0.3728209,111
"CENTELLES, Nº 22 (de Cádiz a Sueca)",39.4596796,-0.3722997,112
"CENTELLES, Nº 37 (de Sueca a Cuba)",39.4590478,-0.3730786,113
"AV. PERIS Y VALERO, Nº 40 (de Pl. Manuel Sanchis Guarner a Rubén Vela)",39.4572149,-0.3745634,114
"AV. PERIS Y VALERO, Nº 60 (de Fuente la Higuera a Cª Fuente de San Luis)",39.4581269,-0.3724631,115
"FILIPINAS, Nº 4 (de Puerto Rico a Literato Azorín)",39.4574228,-0.3765968,116
"FILIPINAS, Nº 17 (de Pintor Gisbert a Puerto Rico)",39.4599162,-0.3776582,117
"FILIPINAS, Nº 1 (de Buenos Aires a Denia)",39.4568559,-0.3767398,118
"BUENOS AIRES, Nº 38 (de Filipinas a Cuba)",39.46104954408993,-0.3783132914234706,119
"SUECA, Nº 51 (de Literato Azorín a Puerto Rico)",39.4605997,-0.3742314,120
P.E. AV. GIORGETA (de Av. Giorgeta a Av. Peris y Valero),39.4584878,-0.384095,121
"SAN VICENTE MARTIR, Nº 215 (de Millares a Av. Giorgeta)",39.4568784,-0.3839012,122
"AV. GIORGETA, Nº 28 (de Mora de Rubielos a San Vicente Mártir)",39.4590734,-0.3845938,124
"JESÚS, Nº 68 (de Maluquer a Giorgeta)",39.4632827,-0.3861997,126
"AV. PÉREZ GALDÓS, Nº 11 (de Cuenca a Jesús)",39.4634224,-0.3877363,127
"RAMON Y CAJAL, 17 - ENTRADA TUNEL (De Ramón y Cajal a Germanías)",39.464608,-0.3813553,129
"SAN VICENTE MARTIR, Nº 128 (de Marvá a Pl. España)",39.46409080000001,-0.3822003,130
"SAN VICENTE MARTIR, Nº237 (de Amparo Iturbi a Uruguay)",39.4580599,-0.383343,131
"SAN VICENTE MARTIR, Nº 188 (de Av. Giorgeta a Maestro Sosa)",39.4595659,-0.383211,132
"SAN VICENTE MARTIR, Nº 209 (de Av. Giorgeta a Dolores Alcaide)",39.4567999,-0.3832576,133
"AV. GIORGETA, Nº 20 (de Uruguay a Mora de Rubielos)",39.4604219,-0.3857221,134
"AV. GIORGETA, Nº 2 (de Jesús a Carcagente)",39.4618889,-0.3866514,135
"SAN VICENTE MARTIR, Nº 174 (de Maestro Sosa a Marvá)",39.4611408,-0.3829302,136
"AV. TRES FORQUES, Nº 52 (de Enguera a Av. Archiduque Carlos)",39.4638032,-0.3940643,139
"AV. ARCHIDUQUE CARLOS, Nº 41 (de Enguera a Av. Tres Forques)",39.46498769999999,-0.3946259,141
"AV. ARCHIDUQUE CARLOS, Nº 73 (de Fontanares a Av. Tres Forques)",39.4628716,-0.3967777,142
"FONTANARES, Nº 64 (de Vicente Clavel a Av. Archiduque Carlos)",39.46194029999999,-0.3962031,143
"FONTANARES, Nº 69 (de Av. Archiduque Carlos a Vicente Clavel)",39.4622947,-0.3971274,144
"ENGUERA, Nº 27 (de Av. Archiduque Carlos a Chiva)",39.4658319,-0.394381,145
"FRAY JUNIPERO SERRA, Nº 80 (de José María Mortes Lerma a Av. Tres Forques)",39.463093,-0.4005966,146
"STA. CRUZ DE TENERIFE, Nº 18 (de Llombay a Av. Tres Forques)",39.4645217,-0.4012018,147
TRES FORQUES frente nº 99 (de Maria Montessori a Santa Cruz de Tenerife),39.4663404,-0.4019162000000001,148
"AV. TRES FORQUES, Nº 97 (de Virgen de la Cabeza a Av. Archiduque Carlos)",39.4636694,-0.3992193,149
"CHIVA, Nº 29 (de Ayora a Archiduque Carlos)",39.46624389999999,-0.392447,150
"AYORA, Nº 14 (de Chiva a Av. del Cid)",39.4664338,-0.3922923,151
"ENGUERA, Nº 8 (de Av. Archiduque Carlos a Av. Tres Forques)",39.4649434,-0.3943649,152
"ENGUERA, Nº 37 (de Av. Tres Forques a Av. Archiduque Carlos)",39.4646475,-0.3938451,153
"AV. ARCHIDUQUE CARLOS, Nº 28 (de Av. Tres Forques a Fontanares)",39.463681,-0.396645,154
"JOSE MARIA MORTES LERMA, Nº 2 (de Av. Archiduque Carlos a Virgen de la Cabeza)",39.4632197,-0.3972265,155
"AV. ARCHIDUQUE CARLOS, Nº 99 (de Virgen de la Cabeza a Fontanares)",39.4616358,-0.3981725,156
"VIRGEN DE LA CABEZA, Nº 42 (de Torrente a Av. Archiduque Carlos)",39.46189529999999,-0.39874,157
"VIRGEN DE LA CABEZA ,Nº 42 (de Av. Archiduque Carlos a Av. Tres Forques)",39.46189529999999,-0.39874,158
"AV. ARCHIDUQUE CARLOS, Nº 58 (de Virgen de la Cabeza a Fray Junípero Serra)",39.4614751,-0.3989820000000001,159
"AV. ARCHIDUQUE CARLOS, Nº 111 (de Fray Junípero Serra a Virgen de la Cabeza)",39.4608181,-0.3992005,160
"AV. ARCHIDUQUE CARLOS, Nº 72 (de Fray Junípero Serra a Puebla de Valverde)",39.4601603,-0.4005508,161
"AV. ARCHIDUQUE CARLOS, Nº 117 (de Músico Gomis a Fray Junípero Serra)",39.4598142,-0.4002034,162
"AV. ARCHIDUQUE CARLOS, Nº 82 (de Puebla de Valverde a Av. Tres Cruces)",39.4596568,-0.401243,163
TRES FORQUES frente nº 77 (de Archiduque Carlos a Norman Bethune),39.4663404,-0.4019162000000001,164
"STA. CRUZ DE TENERIFE, Nº 24 (de Av. Tres Forques a Músico Ayllón)",39.4640017,-0.4013502,165
"AV. TRES FORQUES, Nº 107 (de Fray Junipero Serra a Virgen de la Cabeza)",39.4636193,-0.401149,166
"FRAY JUNIPERO SERRA, Nº 85 (de Av. Tres Forques a José María Mortes Lerma)",39.46357320000001,-0.4011136,167
"AV. TRES FORQUES, Nº 92ac (de Sta. Cruz de Tenerife a José Maestre)",39.46382759999999,-0.4027922,168
"AV. TRES FORQUES, Nº 123 (de Ceramista Ros a Fray Junípero Serra)",39.463461,-0.4029954,169
"AV. TRES FORQUES, Nº 129 (de José Maestre a Av. Tres Cruces)",39.4634411,-0.4039861,170
"AV. TRES FORQUES, Nº 139 (de Av. Tres Cruces a Ceramista Ros)",39.4634396,-0.4046913,171
"JOSÉ MAESTRE, Nº 31 (de Llombay a Av. Tres Forques)",39.464277,-0.4033743,172
"AV. TRES FORQUES, Nº 47 (de Venerable Agnesio a Turís)",39.4638624,-0.3935971,173
"AV. TRES FORQUES, Nº 40 (de Maestro Bellver a Ayora)",39.4642738,-0.3927474,174
"AV. TRES FORQUES, Nº 71 (de Av. Archiduque Carlos a Pintor Pascual Capuz)",39.4638262,-0.3955393,175
"AV. PÉREZ GALDÓS, Nº 39 (de Av. del Cid a Tres Forques)",39.4655511,-0.3892508,178
"AV. DEL CID, Nº 7 (de Ayora a Av. Pérez Galdós)",39.4669913,-0.3913706,180
"AV. PÉREZ GALDÓS, Nº 74 (de Héroe Romeu a Ángel Guimerá)",39.4683524,-0.3908261,181
"ANGEL GUIMERÁ, Nº 47 (de Buen Orden a Alberique)",39.46939769999999,-0.3887966,182
"ANGEL GUIMERÁ, Nº 65 (de Alberique a Av. Pérez Galdós)",39.469059,-0.3902381,183
"SAN FRANCISCO DE BORJA, Nº 17 (de Salas Quiroga a Jesús)",39.46612540885144,-0.3855496375653576,184
"P.I. AV. PÉREZ GALDÓS, Nº 96 (de Cartagena a Tres Forques)",39.4705309,-0.3923389,185
"AV. PÉREZ GALDÓS, Nº 116 (de Sta. Micaela a Maestro Guerrero)",39.4720757,-0.3934632,186
"Pº PECHINA, Nº 37 (de Teruel a Norte)",39.4764254,-0.3926249,187
"SAN JOSÉ DE LA MONTAÑA, Nº20 (de González Martí a Pérez Galdós)",39.4744067,-0.3936403,188
"Pº PECHINA, Nº 42 (de Av. Pérez Galdós a Teruel)",39.4753861,-0.3948221,189
"AV. ARCHIDUQUE CARLOS, Nº 10 (de Chiva a Enguera)",39.46640850000001,-0.3935728,190
PTE. CAMPANAR (SALIDA) (de Pº Pechina a Maestro Rodrigo),39.4828243,-0.3922198,191
"CUENCA, Nº 86 (de Calamocha a Av. Pérez Galdós)",39.4633761,-0.3892338,192
"AV. PÉREZ GALDÓS, Nº 119 (de Alcalde Albors a Cartagena)",39.4724776,-0.3945239,193
"SAN JOSÉ DE CALASANZ, Nº21 (de Av. Pérez Galdós a Alberique)",39.4666812,-0.3883003,194
"QUART, Nº 131 (de Norte a Juan Llorens)",39.4744746,-0.3906994,195
"LORCA, Nº 6 (de Av. Pérez Galdós a Av. del Cid)",39.4683953,-0.3921993,196
"AV. PÉREZ GALDÓS, Nº 124 (de Maestro Guerrero a San José de la Montaña)",39.4734918,-0.3944965,197
"CUENCA, Nº 59 (de Av. Pérez Galdós a Honorato Juan)",39.4645922,-0.3877731,198
"CUENCA, Nº 56 (de Alberique a San José de Calasanz)",39.4659058,-0.3872197,199
"ERUDITO ORELLANA, Nº 15 (de Palleter a Ángel Guimerá)",39.4704213,-0.387744,200
"ALBERIQUE, Nº 27 (de Onteniente a Navarro Llorens)",39.467337,-0.388845,201
"MAESTRO GUERRERO, Nº 7 (de Av. Pérez Galdós a González Martí)",39.4729838,-0.3937886,202
P.I. Pº PECHINA - MITAD DEL TUNEL (de Torres a Sanchís Bergón),39.4755917,-0.39485,203
"AV. DEL CID, Nº 38 (de Totana a Hnos. Rivas)",39.4685906,-0.3953362,204
"AV. DEL CID, Nº 78 GIRO A BURGOS (de José Maestre a Burgos)",39.46901570234328,-0.4001103000317104,205
"AV. DEL CID, Nº 94 GIRO A IZQUIERDA (de Burgos a José Maestre)",39.4694872,-0.4015794,206
P.I. AV. DEL CID (de Misericordia a José Maestre),39.4695821,-0.4054033,207
"AV. DEL CID, Nº 75 GIRO IZQUIERDA (de Sureres a Ciudad de Mislata)",39.4691147,-0.4118311,208
"AV. DEL CID, Nº 154 GIRO IZQUIERDA (de Ciudad de Mislata a Marconi)",39.4699637,-0.413281,209
AV. DEL CID Nº 85 (sentido entrada de Marconi a Misericordia),39.4690958,-0.413328,210
"AV. DEL CID, Nº 103 (Salida de Mislata a Marconi)",39.4689944,-0.4156094,211
AV. CID nº 156 (SALIDA) (de Pl. Joan Fuster a Cº. Viejo de Xirivella (Mislata)),39.4699711,-0.4135393,212
9 D'OCTUBRE s/n esquina Democracia (de Democracia a Cieza),39.47276350326665,-0.4054164696102461,213
"9 D'OCTUBRE, Nº 14 (de Pintor Stolz a Pº Pechina)",39.471148316075215,-0.4054915398517855,214
DEMOCRACIA frente nº 93 (de Mislata a 9 d'Octubre),39.4738338,-0.3756348,215
DEMOCRACIA s/n (de Rincón Ademúz a 9 d'Octubre),39.4728804,-0.4013832,216
"Pº PECHINA, Nº 51 (de Torres a Baladre)",39.4742392,-0.3980516,217
PTE. 9 D'OCTUBRE (de Pº Pechina a Manuel de Falla),39.4736745,-0.4059177,218
"CARTAGENA, Nº 9 (de Totana a Av. Pérez Galdós)",39.4704859,-0.394214,219
"BRASIL, Nº 31 (de Francisco Moreno Usedo a Pl. Arturo Piera)",39.4738338,-0.3756348,220
TORRES nº 30 (de Brasil a Democracia),39.4766964,-0.3915547,221
"P.I. AV. DEL CID, Nº 106 (de Burgos a Ciudad de Mislata)",39.469743,-0.4029789,222
"Pº PECHINA, S/N (de 9 d'Octubre a Rincón de Ademuz)",39.4755917,-0.39485,223
"AV. DEL CID, Nº 39 (de Sta. Cruz de Tenerife a Enguera)",39.4696779,-0.4056106,224
"AV. DEL CID, Nº 36 (de Enguera a Av. Archiduque Carlos)",39.46862489999999,-0.3953309,225
"LINARES, Nº 17 (de Julian Peña a Totana)",39.4685002,-0.3937355,226
"P.I. Pº PECHINA, Nº 51 (entrada a túnel, de Torres a Dr. Sanchis Bergón)",39.4742392,-0.3980516,227
"AV. DEL CID, Nº 78 (de Burgos a Rincón de Ademuz)",39.4691484,-0.4001127,228
DEMOCRACIA nº 34 (de Torres a Brasil),39.4738506,-0.3993582,229
"AV. DEL CID, Nº 65 (de Misericordia a Av. Tres Cruces)",39.4695442,-0.406592,230
"AV. PÍO XII, Nº 9 (de Av. Campanar a Tirso de Molina)",39.4803756,-0.3928221,231
PTE. DE ADEMUZ (de Av. Pío XII a Paseo Pechina),39.4780655,-0.3906446,232
"AV. CAMPANAR, Nº 17 (de Gil Roger a Nicasio Benlloch)",39.486425,-0.390374,233
"AV. CAMPANAR, FRENTE Nº 3 (de Conchita Piquer a Av. Pío XII)",39.4828243,-0.3922198,234
"AV. GRAL. AVILÉS, Nº 14 (de Nicasio Benlloch a Av. Pío XII)",39.4878242,-0.3919411,235
"NICASIO BENLLOCH, Nº 5 (de Av. Campanar a Av. Burjasot)",39.4871757,-0.3888456,236
"AV. BURJASOT, Nº 100 (de San Pancracio a Av. Dr. Peset Aleixandre)",39.487646,-0.3883002,237
"AV. DR. PESET ALEIXANDRE, Nº 149 (de Av. Burjasot a Goleta)",39.4885624,-0.3889806,238
"AV. DR. PESET ALEIXANDRE, Nº 134 (de José Grollo a Av. Burjasot)",39.48909,-0.3883551,239
"AV. BURJASOT, Nº 36 (de Málaga a Reus)",39.4843939,-0.3838284,240
"AV. PÍO XII, Nº 4 (de Menéndez Pidal a Av. Campanar)",39.4812004,-0.3920727,241
"MENÉNDEZ PIDAL, Nº 15 (de Beltrán Báguena a Av. Pío XII)",39.4800023,-0.3907192,242
"MENÉNDEZ PIDAL, Nº 2 (de Padre Ferris a Ricardo Micó)",39.4817142,-0.3845041,243
"MAURO GUILLEM, Nº 1 (de Pte. de las Artes a Av. Burjasot)",39.4824463,-0.3830541,244
"LLANO DE LA ZAIDIA, Nº 17 (de Dr. Oloriz a Av. Burjasot)",39.4831936,-0.380877,245
"AV. DR. PESET ALEIXANDRE, Nº 129 (de Guillem Ferrer a Francisco Tárrega)",39.4891122,-0.3866791,246
"AV. DR. PESET ALEIXANDRE, Nº 123 (de Francisco Tárrega a Dr. Oloriz)",39.4893752,-0.3853348,247
AV. DR. PESET ALEIXANDRE FRENTE Nº 127 (de Montduver a José Grollo),39.4902932,-0.3817261,249
"AV. MENÉNDEZ PIDAL, Nº 4 (de Ricardo Micó a Pte. de las Artes)",39.4816065,-0.3847943,250
PTE. DE LAS ARTES (de Padre Ferris a Guillem de Castro),39.4808243,-0.3834769,251
P.I. MAURO GUILLEM (de Llano de la Zaidia a Av. Menéndez Pidal),39.4821576,-0.3829256,252
P.I. MENÉNDEZ PIDAL (de Av. Menéndez Pidal a  Av. Tirso de Molina),39.4801368,-0.3874877,253
"REUS, Nº 6 (de Av. Burjasot a Alqueria de la Estrella)",39.4851396,-0.3843006,254
"REUS, Nº 16 (de Alqueria de la Estrella a Av. Burjasot)",39.4855884,-0.38349,255
"REUS S/N,  Esquina P. Llorente (De Periodista Llorente a Dr. Oloriz)",39.4857349,-0.3815913,256
"LLANO DE LA ZAIDIA, Nº 15 (de Pte. de San José a Av.Constitución)",39.4831145,-0.3798013,257
"LLANO DE LA ZAIDIA, Nº 14 (de Av. Constitución a Dr. Oloriz)",39.483115,-0.3796542,258
"LLANO DE ZAIDIA, Nº 1 (de Visitación a Av. Constitución)",39.483107,-0.3776412,259
"AV. CONSTITUCIÓN, Nº 23 (de Málaga a Lérida)",39.4846651,-0.3788671,260
"POETA MONMENEU, Nº 16 (de Guadalaviar a Sagunto)",39.4829952,-0.3766791,261
"GUADALAVIAR, Nº 3 (de Pl. Sta. Mónica a Visitación)",39.4820975,-0.3754791,262
"SAGUNTO, Nº 4 (de Pl. Sta. Mónica a Poeta Monmeneu)",39.4819716,-0.3748759,263
"GUADALAVIAR, Nº 6 (de Llano de la Zaidia a Pte. Serranos)",39.4822834,-0.3759265,264
"ALMAZORA, Nº 4 (de Poeta Bodria a Pintor Vilar)",39.4818283,-0.3727176,265
"PINTOR VILAR, Nº 2 (de Almazora a Alboraya)",39.4822214,-0.3719305,266
"PINTOR VILAR, Nº 1 (de Alboraya a Almazora)",39.4823747,-0.3713303,267
"ALMAZORA, Nº 16 (de Pintor a Convento Carmelitas)",39.4843621,-0.3716986,268
"CONVENTO CARMELITAS, Nº 2 (de Almazora a Alboraya)",39.4831233,-0.3705576,269
"ALMAZORA, Nº 42 (de Convento Carmelitas a Jaca)",39.4841994,-0.3710439,270
"MOLINELL, Nº 2 (de Almazora a Alboraya)",39.48494669999999,-0.3701133,271
"MOLINELL, Nº 1 (de Alboraya a Almazora)",39.4853096,-0.3701635,272
"ALMAZORA, Nº 52 (de Molinell a Benimuslem)",39.48560190000001,-0.3699997,273
"PLATERO SUAREZ, Nº 8 (de Almazora a Ministro Luis Mayans)",39.4854132,-0.3718112,274
"ALMAZORA, Nº 43 (de Platero Suárez a San Juan de la Cruz)",39.4848367,-0.3717044,275
"ALMAZORA, FRENTE Nº 8 (de Pintor Vilar a Madre Teresa Jornet)",39.4751521,-0.3903414,276
"STA. RITA, Nº 9 (de Madre Teresa Jornet a Cronista Rivelles)",39.4815841,-0.374094,277
"FRAY PEDRO VIVES, Nº 37 (de Ministro Luis Mayans a Bilbao)",39.4866856,-0.3718311,278
"FRAY PEDRO VIVES, Nº 23 (de Bilbao a Sagunto)",39.4868545,-0.3730535,279
"ACTOR MORA, Nº 2 (de Sagunto a Pobla del Duc)",39.4866294,-0.3752168,280
"ACTOR MORA, Nº 16 (de Pobla del Duc a Av. Constitución)",39.4865289,-0.3765527,281
"ACTOR MORA, Nº 31 (de Av. Constitución a Visitación)",39.4860186,-0.3778473,282
"ACTOR MORA, Nº 11 (de Visitación a Sagunto)",39.4863153,-0.3759025,283
"FRAY PEDRO VIVES, Nº 2 (de Sagunto a Bilbao)",39.4864313,-0.3745636,284
"FRAY PEDRO VIVES, Nº 20 (de Bilbao a Ministro Luis Mayans)",39.4866157,-0.3724775,285
"MINISTRO LUIS MAYANS, Nº 14 (de Platero Suárez a Fray Pedro Vives)",39.48554,-0.3718761,286
"FRAY PEDRO VIVES, Nº 32 (de Ministro Luis Mayans a Almazora)",39.4859718,-0.3713413,287
"COFRENTES, Nº 6 (de Almazora a Alboraya)",39.4865558,-0.3691372,288
"FRAY PEDRO VIVES FRENTE, Nº 32 (de Almazora a Ministro Luis Mayans)",39.486685,-0.3728064,289
BILBAO FRENTE Nº 22 (de Maximiliano Thous a Fray Pedro Vives),39.4738338,-0.3756348,290
"SAGUNTO, Nº 103 (de Fray Pedro Vives a Maximiliano Thous)",39.48677230000001,-0.375146,291
"PUEBLA DEL DUC, Nº 5 (de Actor Mora a Maximiliano Thous)",39.48680368191676,-0.3760825034233846,292
"ALMAZORA, Nº 37 (de Juan de la Cruz a Pintor Vilar)",39.4844167,-0.3719852,293
RUAYA. Nº 37 (de Constitución a Visitación),39.4853015,-0.3780566,294
"RUAYA, Nº 44 (de Visitación a Constitución)",39.485643,-0.3772537,295
"RUAYA, Nº 27 (de Visitación a Sagunto)",39.48527259999999,-0.376635,296
"RUAYA, Nº 12 (de Sagunto a Visitación)",39.4854984,-0.3748194,297
REUS nº 31 ( De F. Heredia a Dr. Oloriz),39.4860041,-0.3801508,298
"PLATERO SUAREZ, Nº 11 (de Milagrosa a Ministro Luis Mayans)",39.4849542,-0.3728331,299
"AV. DR. PESET ALEIXANDRE, Nº 81 (de Luis Crumiere a Cº de Moncada)",39.4905501,-0.3802036,300
CAMINO DE MONCADA nº 63 (de Félix del Río a Dr. Peset Aleixandre),39.4919394,-0.3792413,301
"AV. DR. PESET ALEIXANDRE, Nº 44 (de Alcañiz a Cº de Moncada)",39.4914722,-0.3776241,302
AV. CONSTITUCIÓN nº 130 (de Just Ramírez a Cº. Moncada),39.4898587,-0.3754292,303
"AV. DR. PESET ALEIXANDRE, Nº 20 (de Conde de Torrefiel a Felipe Rinaldi)",39.4918317,-0.3756678,304
"P.I. AV. DR. PESET ALEIXANDRE, Nº 121 (de Gral. Avilés a Dr. Peset Aleixandre)",39.4894589,-0.3851201,305
"P.I. AV. DR. PESET ALEIXANDRE, Nº 104   (de Dr. Peset Aleixandre a Gral Avilés)",39.4905877,-0.3838336,306
"Cº MONCADA, Nº 109 (de Rio Nervión a Pedro Cabanes)",39.4949186,-0.3805119,307
"AV. PRIMADO REIG, Nº 17 (de San Juan Bosco a Constitución)",39.4914753,-0.3728033,308
"AV. PRIMADO REIG, Nº 2 (de Sagunto a Bilbao)",39.4916544,-0.3737145000000001,309
"P.I. AV. DR. PESET ALEIXANDRE, Nº 39 (de Dr. Peset a Primado Reig)",39.4913123,-0.3764583,310
"AV. DR. PESET ALEIXANDRE, Nº 37 (de C/ Marie Curie (científica) a Av. de la Constitución)",39.4914521,-0.3763263,311
"P.I. AV. PRIMADO REIG, Nº 21 (de Av. Primado Reig a Av. Dr. Peset Aleixandre)",39.4912059,-0.3723633,312
"AV. DR. PESET ALEIXANDRE, Nº 93 (de Juan XXIII a Gayano Lluch)",39.4903292,-0.3811571,314
"AV. CONSTITUCIÓN, Nº 84 (de Maximiliano Thous a Actor Mora)",39.4878989,-0.3768231,315
"PINTOR GENARO LAHUERTA, Nº 45 (de Cofrentes a Molinell)",39.4859089,-0.3672484,316
"COFRENTES, Nº 12 (de Alboraya a Pintor Genaro Lahuerta)",39.4862612,-0.3678955,317
"DOLORES MARQUÉS, Nº 9 (de Albocácer a Dr. Vicente Zaragozá)",39.4861005,-0.3632345,318
"ALBORAYA, Nº 33 (de Convento Carmelitas a Jaca)",39.4835078,-0.3706425,319
"AV. PRIMADO REIG, Nº 83 (de Vinaroz a Villareal)",39.4870246,-0.3668515,320
"DOLORES MARQUÉS, Nº 13 (de Jose Mª Pinazo a Albocácer)",39.4866377,-0.3632771,321
"AV. PRIMADO REIG, Nº 66 (de Cofrentes a Cavanilles)",39.4851503,-0.3648824,322
"ALBORAYA, Nº 23 (de Pintor Vilar a Convento Carmelitas)",39.4823865,-0.3707323,323
"BILBAO, S/N esq. P. Reig (de Av. Primado Reig a Padre Urbano)",39.4738338,-0.3756348,324
"ALBORAYA, Nº 13 (de Poeta Bodria a Pintor Vilar)",39.4812176,-0.3711541,325
"ALBORAYA, Nº 67 (de Cofrentes a Av. Primado Reig)",39.4867364,-0.3682949,326
"COFRENTES, Nº 5 (de Alboraya a Almazora)",39.48674880000001,-0.3685807,327
"DOLORES MARQUÉS, Nº 19 (de Torreta de Miramar a José María Pinazo)",39.4873051,-0.3626853,328
"DR.VICENTE ZARAGOZÁ FRENTE Nº 5, de Primado Reig a  Cavanilles",39.4917724,-0.3732309,329
"DR. VICENTE ZARAGOZÁ, Nº 8 (de Dolores Marqués a Poeta Emilio Baró)",39.4849629,-0.363467,330
"DR. VICENTE ZARAGOZÁ, Nº 9 (de Dolores Marqués a Av. Primado Reig)",39.4854614,-0.3640379,331
"COFRENTES, Nº 18 (de Pintor Genaro Lahuerta a Av. Primado Reig)",39.4859956,-0.3668876,332
"COFRENTES, Nº 24 (de Av. Primado Reig a Pintor Genaro Lahuerta)",39.4857452,-0.3662662,333
"COFRENTES, Nº 13 (de Pintor Genaro Lahuerta a Alboraya)",39.4865295,-0.3675717,334
"PINTOR GENARO LAHUERTA, Nº 47 (de Av. Primado Reig a Cofrentes)",39.4865802,-0.3669945000000001,335
"ALBORAYA, Nº 53 (de Molinell a Cofrentes)",39.4854511,-0.3689315,336
"BENICARLÓ, Nº 40 (de Poeta Altet a Dolores Marqués)",39.4858616,-0.3643814,337
"CAVANILLES, Nº 40 (de Dr. Vicente Zaragozá a Av. Primado Reig)",39.4849208,-0.3635315,338
"AV. PRIMADO REIG, Nº 50 (de Alboraya a Pintor Genaro Lahuerta)",39.4869862,-0.3674056,339
"AV. PRIMADO REIG, Nº 18 (de Bilbao a Ministro Luis Mayans)",39.4895509,-0.3709184,340
"AV. PRIMADO REIG, Nº 57 (de Av. Alfahuir a Motilla del Palancar)",39.4888994,-0.369213,341
"AV. PRIMADO REIG, Nº 47 (de Motilla del Palancar a San Vicente de Paul)",39.4896067,-0.3703013,342
"AV. PRIMADO REIG, Nº 70 (de Botánico Cavanilles a Jaume Roig)",39.48397509999999,-0.3634715,343
"MOLINELL, Nº 41 (de Av. Primado Reig a Calderon de la Barca)",39.484873,-0.3650494,344
"MOLINELL, Nº 12 (de Alboraya a Pintor Genaro Lahuerta)",39.4847802,-0.3685988,345
AV. ALFAHUIR Nº 2 (De Primado Reig a Benicarló),39.49116531729966,-0.3633646367531283,346
HUMANISTA FADRIQUE FURIÓ s/nº (De Emilio Baró a Dolores Marqués),39.4815849,-0.369845,347
"GRAL. ELIO, Nº 6 (de Blasco Ibañez a Llano del Real)",39.4785099,-0.36655,348
"CAVANILLES, Nº 6 (de Juan Martorell a Av. Blasco Ibáñez)",39.4805595,-0.3656029,349
"AV. BLASCO IBÁÑEZ, S/N (de Dr. Gomez Ferrer a Jaume Roig)",39.4748604,-0.3510932,350
"AV. BLASCO IBÁÑEZ, Nº 16 (de Severo Ochoa a Dr. Molinell)",39.477991,-0.363236,351
"DR. MOLINER, Nº 2 (de Micer Mascó a Artes Gráficas)",39.4758602,-0.3628929,352
"Pº ALAMEDA, Nº 9 (de Palacio Valdés a Micer Mascó)",39.4753155,-0.3651461,353
"MICER MASCÓ, Nº 20 (de Dr. Moliner a Servero Ochoa)",39.4754396,-0.3634422,354
"ARMANDO PALACIO VALDÉS, Nº 7 (de Amadeo de Saboya a Micer Mascó)",39.4744675,-0.3638056,355
"Pº ALAMEDA, Nº 6 (de Pte. De la Exposición a Llano del Real)",39.4756056,-0.365326,356
"AV. PRIMADO REIG FRENTE, Nº 179 (de Gómez Ferrer a Gascó Oliag)",39.4850775,-0.3643824,357
"AV. BLASCO IBÁÑEZ, Nº 23 (de Gascó Oliag a Dr. Gómez Ferrer)",39.4776483,-0.3586867,358
"AV. BLASCO IBÁÑEZ, Nº 48 (de Av. Suecia a Av. Aragón)",39.4763102,-0.3578827,359
"SAN PÍO V, S/N (de Llano del Real a Alboraya)",39.4715952,-0.3795718,360
"AV. CATALUÑA, Nº 5 (de Av. Primado Reig a Av. Blasco Ibáñez)",39.4781773,-0.3555297,361
"AV. PRIMADO REIG, Nº 116 (de Gascó Oliag a Av. Cataluña)",39.4788012,-0.356424,362
"AV. CATALUÑA, Nº 4 (de Av. Blasco Ibáñez a Gorgos)",39.4771172,-0.3545447,363
"AV. PRIMADO REIG, Nº 179 (de Vicente Barrera Cambra a Cº de Vera)",39.4806004,-0.3581179,364
"AV. DR. GOMEZ FERRER, Nº 3 (de Menéndez y Pelayo a Alvaro de Bazán)",39.479828706218186,-0.3613870388776699,365
"AV. ARAGÓN, S/N (de Artes Gráficas a Juan Regla)",39.4722047,-0.3578599,366
"AV. ARAGÓN, Nº 36 (de Ernesto Ferrer a Av. Blasco Ibáñez)",39.4732061,-0.3563635000000001,367
"GASCÓ OLIAG, Nº 10 (de Menéndez y Pelayo a Av. Primado Reig)",39.4787229,-0.3571543,368
"AV. SUECIA, FRENTE Nº 29 (de Artes Gráficas a Av. Blasco Ibáñez)",39.4748798,-0.3591666,369
"AV. SUECIA, Nº 35 (de Av. Blasco Ibáñez a Artes Gráficas)",39.47651889999999,-0.3587664,370
"ARTES GRÁFICAS, Nº 23 (de Rodriguez Fornós a Av. Suecia)",39.4759801,-0.3594995,371
"Pº ALAMEDA, FRENTE Nº 11 (de Llano del Real a Pte. Exposición)",39.4643774,-0.3584919,372
"AV. CATALUÑA, S/N (de Guardia Civil a Av. Primado Reig)",39.4810958,-0.3516086,373
"GRAL. ELIO, Nº 2 (de Llano del Real a Av. Blasco Ibáñez)",39.4777204,-0.3668442,374
PTE. DE LA EXPOSICIÓN (de Pº Ciudadela a Alameda),39.4732012,-0.3658386,375
"AV. BLASCO IBÁÑEZ, Nº 64 (de Bélgica a Av. Cardenal Benlloch)",39.4753745,-0.3543095,376
"ALAMEDA, Nº 29 - Lateral (de Pl. Zaragoza a Serrano Flores)",39.4701117,-0.3609274,377
"Pº ALAMEDA, Nº 29 (de Pl. Zaragoza a Pte. De las Flores)",39.4701117,-0.3609274,378
"AV. ARAGÓN, Nº 8 (de Pl. Zaragoza a Sancho Tello)",39.4690569,-0.3591036,379
"AV. CARDENAL BENLLOCH, Nº 33 (de Dr. Ferran a Av. del Puerto)",39.4688448,-0.3558388,380
"AV. CARDENAL BENLLOCH, Nº 46 (de Rodríguez de Cepeda a Puebla de Farnals)",39.4694179,-0.3551406,381
"AV. CARDENAL BENLLOCH, Nº 75 (de Caravaca a Ernesto Ferrer)",39.4725234,-0.3541521,382
"AV. EDUARDO BOSCÁ, Nº 31 (de Baleares a Asturias)",39.4644379,-0.3576227,385
"AV. EDUARDO BOSCÁ, Nº 1 (de I.Canarias a Av. del Puerto)",39.4666583,-0.3565434,386
"AV. CARDENAL BENLLOCH, Nº 84 (de Campoamor a Vicente Pallarés)",39.4729934,-0.3532688,387
"AV. ARAGÓN, Nº 13 (de Finlandia a Alameda)",39.4710907,-0.3588446,388
"FINLANDIA, Nº 1 (de Gil Dolz a Serrano Flores)",39.472833,-0.3602519,389
"AV. BLASCO IBÁÑEZ, Nº 66 (de Polo y Peyrolon a Av. Cardenal Benlloch)",39.4751699,-0.3538938,390
"Pº ALAMEDA (lateral), Nº 21 (de General Gil Dolz a Armando Palacio Valdés)",39.4643774,-0.3584919,391
"Pº ALAMEDA, Nº 21 (de General Gil Dolz a Armando Palacio Valdés)",39.473011,-0.3626374,392
"Pº ALAMEDA, Nº 32 (de Pte Ángel Custodio a Pl. Zaragoza)",39.4674895,-0.3595739,393
"Pº ALAMEDA, Nº36 (de Pl. Zaragoza a Pte. Ángel Custodio)",39.4643774,-0.3584919,394
"AV. ARAGÓN, Nº 30 (de Eolo a Ernesto Ferrer)",39.4719995,-0.3570349,395
"Pº ALAMEDA, FRENTE Nº 18 (de Pte. Exposición a Pl. Galicia)",39.4643774,-0.3584919,396
"AV. CARDENAL BENLLOCH, Nº 76 (de Yecla a Campoamor)",39.4720938,-0.3537827,397
"EDUARDO BOSCÁ, Nº 28 (de Islas Canarias a Alameda)",39.4651626,-0.3576685,398
"AV. CARDENAL BENLLOCH, Nº 95 (de Ciudad de Mula a Caravaca)",39.4738368,-0.3534894,399
"AV. CARDENAL BENLLOCH, Nº 49 (de Eolo a Sancho Tello)",39.4701865,-0.3552495,400
"ALBALAT DELS TARONGERS, Nº 10 (de Vinalopó a Pl. Vicente Gaos)",39.4781169,-0.3499876,401
"ERNESTO FERRER, Nº 13 (de Av. Cardenal Benlloch a Polo y Peyrolón)",39.4719375,-0.3552303000000001,402
"MAESTRO VALLS, Nº 16 (de Juan Bautista Perales a Av. del Puerto)",39.464368,-0.3418744,403
"INDUSTRIA, Nº 23 (de Mariano Albesa a Jerónimo Monsoriu)",39.4654395,-0.3430658,404
"MARINO ALBESA, Nº 47 (de Industria a Conserva)",39.4655403,-0.3435855,405
"CONSERVA, Nº 20 (de Marino Albesa a Av. del Puerto)",39.4656011,-0.3442892,406
"MAESTRO RODRIGO, Nº 32 (de Vall de la Ballestera a Gral. Avilés)",39.4815729,-0.4001181,407
"GRAL. AVILÉS, Nº 58 (de Sta. María a Maestro Rodrigo)",39.4845544,-0.3998259,408
"GRAL. AVILÉS, Nº 42 (de Av. Pío XII a Aparicio Albiñana)",39.4856239,-0.3971224,409
"AV. PÍO XII LATERAL, Nº 54 (de Monestir de Poblet a Gral. Avilés)",39.4825108,-0.3936329,410
"GRAL. AVILÉS, S/N (de Luis Buñuel a Maestro Rodrigo)",39.4849426,-0.3979254,411
"GRAL. AVILÉS, Nº 90 (de Maestro Rodrigo a Pío Baroja)",39.4822997,-0.4048712,412
"PÍO BAROJA, S/N (de General Aviles a Vall de la Ballestera)",39.4777796,-0.4063719,413
"MÚSICO GINÉS, Nº 21 (de Explorador Andrés a Poeta Mas y Ros)",39.4706988,-0.3432892,414
"AV. BLASCO IBÁÑEZ, Nº 148 (de Impresor Lamber a Músico Ginés)",39.47210520000001,-0.3443184,415
"AV. BLASCO IBÁÑEZ, Nº 135 (de Músico Gines a Ramón Llul)",39.4728324,-0.3423019,416
"MÚSICO GINES, Nº 22 (de L´Alger a Av. Blasco Ibáñez)",39.4708816,-0.3422426,417
"MÚSICO GINES, Nº 6 (de Poeta Más y Ros a Campoamor)",39.4691459,-0.3433694,418
"AV. BLASCO IBÁÑEZ, Nº 97 (de Músico Gines a Ramón Llul)",39.47394790000001,-0.3460146,419
"AV. BLASCO IBÁÑEZ, Nº 194 (de José María de Haro a Marino Blas de Lezo)",39.470063,-0.3361744,420
"SANTOS JUSTO Y PASTOR, Nº 118 (de Industria a Maestro Valls)",39.4676311,-0.3415423,421
"SANTOS JUSTO Y PASTOR, Nº 111 (de Industria a Músico Gines)",39.4681438,-0.3420519,422
"AV. BLASCO IBÁÑEZ, Nº 175 (de José Ballester a José María de Haro)",39.4711196,-0.3365225,423
"SANTOS JUSTO Y PASTOR, Nº 144 (de Maderas a José María de Haro)",39.4663,-0.3381953,424
"SANTOS JUSTO Y PASTOR, Nº 138 (de José Aguilar a Maderas)",39.4668237,-0.3391491,425
"SANTOS JUSTO Y PASTOR, Nº 139 (de José Mª Haro a Industria)",39.4674974,-0.3400231,426
"JOSÉ MARÍA DE HARO, Nº 9 (de P. Ferrer Calatayud a Pedro Valencia)",39.4681452,-0.3390968,427
"JOSÉ MARÍA DE HARO, Nº 13 (de Campoamor a Poeta Mas y Ros)",39.4684357,-0.3389632,428
"JOSÉ MARÍA DE HARO, Nº 37 (de Av. Blasco Ibañez a L'alguer)",39.470476,-0.3379928,429
"JOSÉ MARÍA DE HARO, Nº 12 (de Pedro de Valencia a Av. Blasco Ibáñez)",39.47089280000001,-0.3375502,430
"L'ALGUER, Nº13 (de Crevillente a Ing. R. Janini)",39.479315,-0.3900650000000001,431
"JOSÉ AGUILAR, Nº53 (de Jerónimo Monsoriu a Santo Justo y Pastor)",39.4647374,-0.3405024,432
"GASPAR AGUILAR, Nº 5 (de Jerónimo Muñoz a Compromiso de Calpe)",39.4589494,-0.388513,433
"GASPAR AGUILAR, FRENTE Nº 99 (de San Lázaro a Pedro Andreu)",39.4544367,-0.3916946,434
"GASPAR AGUILAR, Nº 113 (de Pedro Andreu a Músico Penella)",39.4513813,-0.393569,435
"SAN VICENTE MARTIR, Nº 318 (de Mossen Febrer a 1º de mayo)",39.4497843,-0.3853132,436
SAN VICENTE MARTIR FTE. Nº 296 (de Fernández Mesa a Joaquín Navarro),39.4651916,-0.3809303,437
"SAN VICENTE MARTIR, Nº 256 (de Almudaina a Amparo Iturbi)",39.4541575,-0.3844575,438
"GASPAR AGUILAR, Nº 63 (de Santander a Agustina de Aragón)",39.4550706,-0.3910855,439
"GASPAR AGUILAR, FTE. Nº 63 (de Vicente Parra a Montesa)",39.4544367,-0.3916946,440
"JAIME BELTRÁN, Nº 20 (de Micer Rabasa a Gaspar Aguilar)",39.4567303,-0.3883275,441
"JAIME BELTRÁN, Nº 13 (de Juan de Aguilló a Uruguay)",39.45666749999999,-0.3877682,442
"RAMÓN LLULL, Nº 19 (de Serpis a Dr.García Donato)",39.47609629999999,-0.3471766,443
"SERPIS, Nº 30 (de Ramón Llull a Cº Cabañal)",39.4753372,-0.3468901,444
"RAMÓN LLULL, Nº 7 (de Serpis a Leandro de Saralegui)",39.4755298,-0.3475013,445
"RAMÓN LLULL, Nº 21 (de Dr. García Donato a Serpis)",39.4763611,-0.3470785,446
"SERPIS, Nº 17 (de Ramón Llull a Poeta Artola)",39.4760972,-0.3479656,447
"RAMÓN LLULL, Nº 3 (de Leandro de Saralegui a Blasco Ibañez)",39.474804,-0.3477052,448
"RAMÓN LLULL, Nº 2 (de Av. Blasco Ibáñez a Escultor Alonso Gabino)",39.4754147,-0.347319,449
"RAMÓN LLULL, Nº 6 (de Escultor Alfonso Gabino a Serpis)",39.4750279,-0.3471402,450
"ESCULTOR ALFONSO GABINO, Nº 11 (de Pl. Honduras a Ramón Llull)",39.4747319,-0.3467547,451
"DR. MANUEL CANDELA, Nº 79 (de Yecla a Explorador Andrés)",39.4730836,-0.3484533,452
"DR. MANUEL CANDELA, Nº 69 (de Explorador Andrés a Campoamor)",39.4722525,-0.3487615,453
"DR. MANUEL CANDELA, Nº 72 (de Explorador Andrés a Av. Blasco Ibáñez)",39.4727335,-0.3480118,454
"EXPLORADOR ANDRÉS, Nº 6 (de Pl. de Cedro a Dr. Manuel Candela)",39.4722312,-0.3475157,455
"DR. MANUEL CANDELA, Nº 60 (de Campoamor a Poeta Mas y Ros)",39.4710965,-0.3487452,456
"DR. MANUEL CANDELA, Nº 64 (de Campoamor a Explorador Andrés)",39.4719141,-0.3483864,457
"CAMPOAMOR, Nº 37 (de Pl. del Cedro a Dr. Manuel Candela)",39.471529,-0.3481557,458
"CAMPOAMOR, Nº 40 (de Dr. Manuel Candela a Pl. del Cedro)",39.471207,-0.3483579,459
"DR. MANUEL CANDELA, Nº 53 (de Poeta Mas y Ros a Santos Justo y Pastor)",39.4705182,-0.3495273,460
"POETA MAS Y ROS, Nº20 (de R. Reyes a Dr. Manuel Candela)",39.4695576,-0.3452781,461
"DR. MANUEL CANDELA, Nº 56 (de Poeta Mas y Ros a Campoamor)",39.4708576,-0.3488664,462
"POETA MAS Y ROS, Nº 30 (de Dr. Manuel Candela a Los Leones)",39.4704198,-0.3486942,463
"DR. MANUEL CANDELA, Nº 52 (de Santos Justo y Pastor a Poeta Mas y Ros)",39.4701413,-0.3490882,464
"SANTOS JUSTO Y PASTOR, Nº 58 (de Dr. Manuel Candela a Duque de Gaeta)",39.4697123,-0.3489019,465
"SANTOS JUSTO Y PASTOR, Nº 27 (de Manuel Candela a Rafael Reyes i Torrent)",39.47035,-0.3499129,466
"DR. MANUEL CANDELA, Nº 41 (de Santos Justo y Pastor a Puebla de Farnals)",39.4697683,-0.3501207,467
"DR. MANUEL CANDELA, Nº 37 (de Pobla de Farnals a Rodríguez de Cepeda)",39.4688275,-0.350141,468
"DR. MANUEL CANDELA, Nº 44 (de Puebla de Farnals a Santos Justo y Pastor)",39.4692947,-0.3494684,469
"AV. BLASCO IBÁÑEZ, Nº 94 (de República Argentina a Dr. Manuel Candela)",39.4742396,-0.3503744,470
"AV. BLASCO IBÁÑEZ, Nº 59 (de Poeta Artola a Av. Cardenal Benlloch)",39.4751395,-0.3501689,471
"SANTOS JUSTO Y PASTOR, Nº 9 (de República Argentina a Av. Cardenal Benlloch)",39.4711376,-0.3526509,472
"AV. BLASCO IBÁÑEZ, Nº 79 (de Ramón Llull a Poeta Artola)",39.47457139999999,-0.3482513,473
"AV. BLASCO IBÁÑEZ, Nº 120 (de Dr. Manuel Candela a Actriz Encarna Mañez)",39.4732354,-0.3469972,474
"YECLA, Nº 43 (de Dr. Manuel Candela a Vicente Pallares)",39.4734781,-0.3487031,475
YECLA  frente Nº 39 (de Pl. Olof Palme a Dr. Manuel Candela),39.4765816,-0.3918477,476
"SANTOS JUSTO Y PASTOR, Nº 61 (de los Leones a Dr. Manuel Candela)",39.469568,-0.3471646,477
"SANTOS JUSTO Y PASTOR, Nº 38 (de Aben al Abbar a Dr. Manuel Candela)",39.470196,-0.3506745,478
"RAMÓN LLULL, frente Nº 27 (de Dr. García Donato a Bernat Fenollar)",39.4771068,-0.3466349,479
"RAMÓN LLULL, S/N (de Av. los Naranjos a Albalat dels Tarongers)",39.4771068,-0.3466349,480
"RAMÓN LLULL, Nº 45 (de Albalat dels Tarongers a Bernat Fenollar)",39.4780881,-0.3464728,481
"RAMÓN LLULL, Nº 31 (de Bernat Fenollar a Dr. García Donato)",39.4770774,-0.3468003,482
"RAMÓN LLULL, frente Nº 37 (de Bernat Fenollar a Albalat dels Tarongers)",39.4771068,-0.3466349,483
"AV. LOS NARANJOS, S/N (de Ramón Llull a Luís Peixó)",39.4779652,-0.3392503,484
"AV. LOS NARANJOS, S/N dup. (de Ramón Llull a Av. Cataluña)",39.4779652,-0.3392503,485
"AV. LOS NARANJOS, Arq. Técnica (de Ramón Llull a Av. Cataluña)",39.4779652,-0.3392503,486
"I.CANARIAS, Nº 36 (de Rodrigo Osona a Eduardo Boscá)",39.4662111,-0.3558878,487
"PADRE TOMÁS MONTAÑANA, Nº 22 (de Asturias a Av. Baleares)",39.4636711,-0.3523692,488
"PADRE TOMÁS DE MONTAÑANA, frente nº 20 (de Asturias a Islas Canarias)",39.4631605,-0.3523435,489
"PADRE TOMÁS MONTAÑANA, Nº 6 (de I.Canarias a Asturias)",39.46500959999999,-0.3518366,490
"RODRIGUEZ CEPEDA, Nº 40 (de Aben al Abbar a Dr. Manuel Candela)",39.4681299,-0.3518509,491
"DR. MANUEL CANDELA, frente Nº 24 dup. (de Rodriguez de Cepeda a Av. del Puerto)",39.4697947,-0.3494275,492
"DR. MANUEL CANDELA, Nº 30 (de Ramiro de Maetzu a Pobla de Farnals)",39.4681595,-0.3499706,493
"DR. MANUEL CANDELA, Nº 18 (de Av. del Puerto a Ramiro de Maetzu)",39.4667768,-0.3504903,494
"DR. MANUEL CANDELA, Nº 8 (de Av. del Puerto a Ramiro Maetzu)",39.4661772,-0.3507779,495
"I.CANARIAS, Nº 78 triplicado (de Lebón a Padre Tomás Montañana)",39.4649805,-0.3510407,496
"ALAMEDA, Nº 39 (de Pte. Ángel Custodio a Pte. Reino de Valencia)",39.4626541,-0.357027,497
"ALAMEDA, Nº 35 (de Pte. Reino de Valencia a Pte. Ángel Custodio)",39.4664917,-0.3593516,498
AV. FRANCIA esq. Rio Escalona (de Río Escalona a Alameda),39.461154,-0.3554354,499
ALAMEDA (de Pte. Reino de Valencia a Pte. Monteolivete),39.4643774,-0.3584919,500
"PADRE TOMÁS MONTAÑANA, Nº 11 ac. (de Av. Francia a Av. Baleares)",39.4608571,-0.3528826,501
"PADRE TOMÁS MONTAÑANA, Nº 38 (de Av. Baleares a Av. Francia)",39.4617571,-0.3531876,502
P.I. PROFESOR LÓPEZ PIÑERO (de Entrada a Av. de la Plata),39.4559624,-0.3552235,503
"INSTITUTO OBRERO DE VALENCIA, nº 26 (De Escritor Rafael Ferreres a Profesor López Piñero)",39.455412,-0.3575843,504
"INST.OBRERO VALENCIANO, Nº 19 (de Profesor López Piñero a Escritor Rafael Ferreres)",39.4557605,-0.3583513,505
INSTITUTO OBRERO DE VALÈNCIA s/n esquina Rafael Ferreres (de Escritor Rafael Ferreres a Amado Granel,39.4553293,-0.3588046,506
"RAMÓN DUART, esq. Hnos. Maristas (de Hnos. Maristas a Av. de la Plata)",39.4531886,-0.3657756,509
"RAMÓN DUART, Nº 6 ac. (de Av. de la Plata a Hns. Maristas)",39.45321089999999,-0.3661158,510
"HNOS. MARISTAS, frente Nº 14 (de Ramón Duart a Cº Fuente San Luis)",39.45145026884987,-0.3679098541053111,511
"Cª FUENTE SAN LUIS, Nº 106 (de Av. de la Plata a Hnos. Maristas)",39.4438036,-0.3671856,513
"Cª FUENTE SAN LUIS, Nº 114 ac. (de Hnos. Maristas a Paco Pierra)",39.4438036,-0.3671856,514
"Cª FUENTE SAN LUIS, Nº 141 (de Paco Pierra a Hnos. Maristas)",39.4438036,-0.3671856,515
"AV. DE LA PLATA, Nº 52 ac. (de Huerto de San Valero a Profesor López Piñero)",39.457984,-0.3596432,516
"AV. DE LA PLATA, Nº 103 (de Escultor José Capuz a la Señera)",39.4580413,-0.3605477,517
AV. LA  PLATA frente nº 81 (de Amado Granell Mesado a Oscar Esplá),39.4556026,-0.3656636,518
AV. LA  PLATA nº 79 (de La Señera a Av. Amado Granell Mesado),39.4571412,-0.3627069,519
AV. LA PLATA s/n esquina Severiano Goig (de Severiano Goig a Av. Amado Granell Mesado),39.4561198,-0.3646811,520
AV. LA  PLATA nº 71 (de Av. Amado Granell Mesado a Obispo Jaime Pérez),39.4567133,-0.3640107,521
"AV. AUSIAS MARCH, frente Nº 71 ac. (de Isla Cabrera a Bulevar Sur)",39.448326,-0.3700265,522
"AV. AUSIAS MARCH, Nº 77 lateral (de vía servicio a Ebanista Caselles)",39.4485849,-0.3694176,523
"HNOS. MARISTAS, Nº 21(de Ramón Duart a Cº Fuente San Luis)",39.452683,-0.367077,524
"AV. AUSIAS MARCH, Nº 77 (de Fdo. Abril Martorell a Ebanista Caselles)",39.4485849,-0.3694176,525
"AV. AUSIAS MARCH, Nº 50 (de Av. de la Plata a I.Cabrera)",39.4519181,-0.3726847,526
"AV. AUSIAS MARCH, Nº 41 (de Ebanista Caselles a Av. de la Plata)",39.4522903,-0.3720833,527
"AV. DE LA PLATA, esq. Ausias March (de Av. Ausias March a Cº Fuente San Luis)",39.4527161,-0.3725127,528
"AV. DE LA PLATA, Nº 7 (de Cº Fuente San Luis a Av. Ausias March)",39.4533384,-0.3718999,529
"AV. DE LA PLATA, frente Nº 11 (de Cº Fuente San Luis a Molina del Palau)",39.4556026,-0.3656636,530
"AV. DE LA PLATA, Nº 15 (de Molina Palau a Cº Fuente San Luis)",39.4537666,-0.370935,531
"AV. DE LA PLATA, colegio (de Cº Fuente San Luis a Ramón Duart)",39.4556026,-0.3656636,532
"AV. DE LA PLATA, Nº 33 (de Alberola a Molina Palau)",39.4544315,-0.3692936,533
"AV. DE LA PLATA, esq. Actriz Pepita Serrador (de actriz Pepita Serrador a Ramón Duart)",39.4543764,-0.36848,534
"AV. DE LA PLATA, Nº 41 AC. (de Av. Dr. Waksman a Alberola)",39.4548652,-0.3680908,535
"AV. DE LA PLATA, Nº 28 (de Bombero Ramón Duart a José Durán Martínez)",39.4550837,-0.3661849,536
"AV. DR. WAKSMAN, esq. De Las Nieves (de Av. de la Plata a Cª Fuente San Luis)",39.4559041,-0.371383,537
"AV. DR. WAKSMAN, Nº 50 (de Puig Campana a Pedro de Valdivia)",39.4553283,-0.3694915,538
"JOAQUÍN BENLLOCH, Nº 36 (de Bernat Descoll a I.Cabrera)",39.4506956,-0.37524,539
"JOAQUÍN BENLLOCH, Nº 45 (de Bernat Descoll a Oltá)",39.4518411,-0.3750114,540
"JOAQUÍN BENLLOCH, Nº 24 ac. (de Oltá a Bernat Descoll)",39.4522815,-0.3759947,541
"OLTÁ, Nº 50 (de Joaquín Benlloch a Juan Ramón Jiménez)",39.4524953,-0.3754396,542
"JOAQUÍN BENLLOCH, Nº 35 (de Oltá a Pedreguer)",39.4530428,-0.3760772,543
"OLTÁ, Nº 37 (de Joaquín Benlloch a Cº Malilla)",39.4528792,-0.3765754,544
"AMPARO ITURBI, Nº 72 ac. (de Joaquín Benlloch a Juan Ramón Jimenez)",39.4542995,-0.3767615,545
"ING. JOAQUÍN BENLLOCH, Nº 19 (de Amparo Iturbi a Av. Peris y Valero)",39.4544993,-0.3770392,546
"ING. JOAQUÍN BENLLOCH, Nº 9 (de Amparo Iturbi a Av. Peris y Valero)",39.4551111,-0.3775105,547
"JOAQUIN BENLLOCH, Nº 2 (de Av. Peris y Valero a Cª Malilla)",39.4554924,-0.3784536,548
"Cª MALILLA, Nº 6 (de Av. Peris y Valero a Amparo Iturbi)",39.4406411,-0.3803858,549
"AMPARO ITURBI, esq. C. Malilla (de Cº Malilla a Joaquín Benlloch)",39.45413569999999,-0.378295,550
"Cª MALILLA, Nº 12 (de Amparo Iturbi a Oltá)",39.4406411,-0.3803858,551
"OLTÁ, Nº 28 (de Cº Malilla a Joaquín Benlloch)",39.4526384,-0.3783167,552
"Cª MALILLA, Nº 26 (de Oltá a Pto. Lumbreras)",39.4401042,-0.3805789,553
"Cª MALILLA, frente Nº 48 (de Bernat Descoll a Oltá)",39.4399359,-0.3806368,554
"Cª MALILLA, Nº 65 (de I.Cabrera a Bernat Descoll)",39.4401042,-0.3805789,556
"Cª MALILLA, Nº 78 (de I.Cabrera a I.Formentera)",39.4401042,-0.3805789,557
"Cª MALILLA, Nº 83 (de I.Formentera a I.Cabrera)",39.4401042,-0.3805789,558
"Cª MALILLA, Nº 98 (de I.Formentera a Fdo. Abril Martorell)",39.4401042,-0.3805789,559
"Cº NUEVO PICAÑA, Nº 5 (de Nicolau Primitiu a Av. Tres Cruces)",39.4569945,-0.403091,560
"ANDREU ALABARTA, Nº 5 (de Andreu Alabarta a Cº Nuevo Picaña)",39.4548557,-0.4051119,561
"PEDRAPIQUERS, Nº 10 (dels Velluters a Cº Nuevo de Picaña)",39.45723726942167,-0.4065024173105567,562
"Cº NUEVO PICAÑA, Nº 6 (de Pedrapiquers a V-30)",39.4565742,-0.4045204000000001,563
"PEDRAPIQUERS, Nº 5 (de Cº Nuevo de Picaña a dels Argenters)",39.45694889876276,-0.4059108015747864,564
"AV. ARCHIDUQUE CARLOS, Nº 133 (de Av. Tres Cruces a Músico Gómis)",39.4588,-0.4012353,565
"Cº NUEVO PICAÑA, Nº 4 (de Av. Tres Cruces a Coeters)",39.4560261,-0.4051277,566
"Cº NUEVO PICAÑA, Nº 49 (de Gremis a Arquitecto Segura Lago)",39.4543808,-0.4063417,568
"Cº NUEVO PICAÑA, Nº 12 (de Els Gremis a Pedrapiquers)",39.4549895,-0.4063146,569
"AV. TRES CRUCES, Nº 99 (de Av. Archiduque Carlos a Pérez Feliu)",39.4687097,-0.4055549,570
AV. TRES CRUCES Nº 105 (carril bus) (de Av. Archiduque Carlos a Pérez Feliu),39.4687097,-0.4055549,571
"AV. TRES CRUCES, Nº 54 (de Cº Nuevo de Picaña a Profesor Ángel Lacalle)",39.4687097,-0.4055549,572
AV. TRES CRUCES  s/n (de Dr. Rafael Bartual a Campos Crespo),39.4687097,-0.4055549,573
"G.V. RAMÓN Y CAJAL, Nº 16 (de Pl. España a Jesús)",39.4663978,-0.3818154,574
"G.V. FERNANDO EL CATÓLICO, Nº 4 (de Cuenca a Angel Guimerá)",39.46986551459437,-0.3842917943604491,575
"G.V. FERNANDO EL CATÓLICO, Nº 48 (de Simón Ortiz a Lepanto)",39.4738338,-0.3756348,576
"G.V. FERNANDO EL CATÓLICO, Nº 75 (de Quart a Pº Pechina)",39.4733606,-0.3874171,577
"G.V. FERNANDO EL CATÓLICO, Nº 79 (de Dr. Zamenhof a San Jacinto)",39.4733606,-0.3874171,578
"G.V. FERNANDO EL CATÓLICO, Nº 37 (de Gabriel Miró a Calixto III)",39.4738338,-0.3756348,579
"G.V. FERNANDO EL CATÓLICO, Nº 29 (de Erudito Orellana a Angel Guimerá)",39.4738338,-0.3756348,580
"JESÚS, Nº 31 (de G.V. Ramón y Cajal a Pintor Benedito)",39.4665936,-0.3828555,581
"PINTOR BENEDITO, Nº 9 (de Jesús a Pl. España)",39.4655381,-0.3831843,582
"CUENCA, Nº 6 (de G.V. Fernando el Católico a Guillem de Castro)",39.4698682,-0.3839319,583
"ANGEL GUIMERÁ, Nº 2 (de Guillem de Castro a G.V. Fernando el Católico)",39.469945,-0.3879534,584
"GUILLEM DE CASTRO, Nº 77 (de Maestro Palau a Espinosa)",39.4717246,-0.3841987,585
"CALIXTO III, Nº 15 (de Palleter a G.V. Fernando el Católico)",39.4716832,-0.3877495,586
"GUILLEM DE CASTRO, Nº 66 (de Lepanto a Borrull)",39.4741637,-0.3837246,587
"QUART, Nº 69 (de Guillem de Castro a Túria)",39.475435,-0.3851173,588
"GUILLEM DE CASTRO, Nº 116 (de Corona a Pº Pechina)",39.4788704,-0.3834145,589
"P.I. Pº PECHINA, nº1 Tunel (de Pº Pechina a Blanquerias)",39.4755917,-0.39485,590
"GUILLEM DE CASTRO, Nº 140 (de Pte. de las Artes a Pte. San José)",39.4805697,-0.382229,591
"BLANQUERIAS, Nº 24 (de Pte. San José a Torres de Serrano)",39.4810083,-0.3799078,592
"CUENCA, Nº 40 (de Obispo Luis Amigó a Alcira)",39.4672231,-0.3860371,593
"G.V. RAMÓN Y CAJAL, Nº 57 (de Cuenca a Jesús)",39.4679948,-0.3829833,594
"G.V. RAMÓN Y CAJAL, s/n (de Gandia a Cuenca)",39.4658625,-0.3816458,595
"G.V. RAMÓN Y CAJAL, Nº 33 (de Jesús a Pl. España)",39.4665396,-0.3828379,596
"ANGEL GUIMERÁ, Nº 17 (de G.V. Fernando el Católico a Palleter)",39.4701123,-0.3858933,597
"GUILLEN SOROLLA, s/n (de Guillem de Castro a Avda. de L'Oest)",39.4738338,-0.3756348,598
"G.V. RAMÓN Y CAJAL, Nº 32 (de Jesús a Gandía)",39.4677589,-0.3827669,599
"Pº PECHINA, Nº 1 (de Turia a Guillem de Castro)",39.479928,-0.3835334,600
"BORRULL, s/n (de G.V. Fernando el Católico a Dr. Peset Cervera)",39.4746355,-0.3858679,601
"MURILLO, Nº 54 (de Aladrers a Guillem de Castro)",39.4755629,-0.3837125,602
"ACACIAS, Nº 23 (de Montduver a Gil Sumbiela )",39.4738338,-0.3756348,603
"JOSÉ GROLLO, Nº 21 (de Montduver a Av. Dr. Peset Aleixandre)",39.4897238,-0.389151,605
"AV. BURJASOT, Nº 124 (de Av. Dr. Peset Aleixandre a Sierra Martes)",39.4891577,-0.3898186,606
"BENICADELL, Nº 8 (de Florista a Av. Burjasot)",39.4916199,-0.393732,607
"GARBÍ, Nº 5 (de Av. Burjasot a Florista)",39.4924934,-0.3941994,608
"CARRASQUETA, Nº 13 (de Florista a Alquerias de Bellver)",39.4933675,-0.3959106,609
"SIERRA AGULLENT, Nº 6 (de Florista a Av. Burjasot)",39.4947935,-0.3966774,610
"CUARTELL, Nº 7 (de Florista a Alquería Bellver)",39.4951523,-0.397758,611
"AV. BURJASOT, Nº 141 (de Tuéjar a Pintor Matarana)",39.4910605,-0.3923622,612
"AV. BURJASOT, Nº 195 (de Pintor Matarana a Maestro Miguel Galán)",39.4929016,-0.3942446,613
"AV. BURJASOT, Nº 241 (de Maestro Miguel Galán a Luis Braile)",39.494608,-0.3959581,614
"AV. BURJASOT, Nº 301 (Entrada ciudad)",39.4983906,-0.4001604,615
"DR. VICENTE ZARAGOZÁ, Nº 22 (de Poeta Emilio Baró a Cuenca Tramoyeres)",39.4844808,-0.3619447,616
"JAIME ROIG, Nº 24 (de Bachiller a Av. Primado Reig)",39.4830744,-0.3630697,617
"AV. PRIMADO REIG, Nº 149 (de Cuenca Tramoyeres a Vila de Muro)",39.4828412,-0.3611313,618
"POETA EMILIO BARÓ, Nº 14 (de Dr. Vicente Zaragozá a Reverendo Rafael Tramoyeres)",39.4850637,-0.3620652,619
"POETA EMILIO BARÓ, Nº 44 (de Manuel Castellanos a Poeta Asins)",39.48714349999999,-0.3610393,620
V-21 LATERAL ENTRADA (hacia Ronda Norte),39.4903326,-0.3377808,621
"DR. VICENTE ZARAGOZÁ, Nº 17 (de Poeta Emilio Baró a Dolores Marqués)",39.485123,-0.3627386,622
"DR. VICENTE ZARAGOZÁ, Nº 32 (de Cuenca Tramoyeres a Puebla Larga)",39.4841572,-0.3607748,623
"BARÓN DE SAN PETRILLO, Nº 7 (de Reverendo Rafael Tramoyeres a Doctor Vicente Zaragozá)",39.484787,-0.3605007,624
"DR. VICENTE ZARAGOZÁ, Nº 31 (de Barón de San Petrillo a Poeta Emilio Baró)",39.484572,-0.3610051,625
"PUEBLA LARGA, Nº 1 (de Dr. Vicente Zaragozá a Guardia Civil)",39.483788,-0.3596693,626
"DR. VICENTE ZARAGOZÁ, Nº 52 (de Puebla Larga a Jaime Esteve)",39.4838007,-0.3595062000000001,627
"JUAN GINER, Nº 4 (de Reverendo Rafael Tramoyeres a Dr. Vicente Zaragozá)",39.4841855,-0.3594652,628
"DR. VICENTE ZARAGOZÁ, Nº 45 (de Juan Giner a Barón de San Petrillo)",39.4843279,-0.3600592,629
"JAIME ESTEVE, s/n (de Guardia Civil a Dr. Vicente Zaragozá)",39.4830774,-0.3587178,630
"DR. VICENTE ZARAGOZÁ, Nº 68 (de Jaime Esteve a Ramón Asencio)",39.4834256,-0.3583059,631
"DR. VICENTE ZARAGOZÁ, Nº 73 (de Mistral a Juan Giner)",39.4838769,-0.3585999,632
"RAMÓN ASENSIO, Nº15 (de Dr. Vicente Zaragozá a Av. Primado Reig)",39.4822598,-0.3584899,633
"DR. VICENTE ZARAGOZÁ, s/n (de Ramón Asensio a Cº de Vera)",39.4837057,-0.3587386,634
"DR. VICENTE ZARAGOZÁ, Nº 83 (de Arquitecto Arnau a Hnos. Villalonga)",39.4834581,-0.3572786,635
"HNOS. VILLALONGA, Nº 8 (de Enrique Navarro a Doctor Vicente Zaragozá)",39.4840899,-0.3572198,636
"POETA EMILIO BARÓ, Nº 82 (de Círculo de Bellas Artes a Poeta Eduardo Buill)",39.4905889,-0.3591718,637
"AV. PRIMADO REIG, Nº 80 (de Río Ebro a Alemania)",39.4830478,-0.3620661,638
"JAIME ROIG, Nº 8 (de Menéndez y Pelayo a Albaro de Bazán)",39.4809515,-0.3641125,639
"AV. PRIMADO REIG, Nº 133 (giro de Primado Reig a Villa de Muro)",39.48371119999999,-0.3623244,640
"LUÍS PEIXÓ, s/n (de Av. los Naranjos a Yañez de Almedina)",39.4743693,-0.3338259,643
"BLAS DE LEZO, Nº 24 (de Felipe de Gauna a Antonio Juan)",39.47178110000001,-0.3339731,645
"ANTONIO JUAN, Nº 2 (de Blas de Lezo a Felipe Vives)",39.4726143,-0.3337751,646
"LUÍS PEIXÓ, Nº 8 (de Conde Almenara a Conde de Oliva)",39.47318920000001,-0.3336718,647
"LUÍS PEIXÓ, esq. Conde Melitó (de Conde Melitó a Av. los Naranjos)",39.4748497,-0.333603,648
"FAUSTO ELIO, s/n (de Av. los Naranjos a San Juan de Dios)",39.4808906,-0.3324045,649
"FAUSTO ELIO, Nº 38 (de San Rafael a Vicente la Roda)",39.4795189,-0.3324665,650
"FAUSTO ELIO, esq. Vte. La Roda (de Vicente la Roda a Mendizábal)",39.4805081,-0.3318957,652
"VICENTE LA RODA, fte. Nº 12 (de Dr. Alvaro López a Fausto Elio)",39.4797929,-0.3291198,653
"FAUSTO ELIO, esq. Mendizabal (De Mendizábal a Vicente la Roda)",39.4842027,-0.3316324,654
"MENDIZÁBAL, Nº 14 (de Alvaro Lopez a Fausto Elio)",39.4840277,-0.3304053,655
"MARINO BLAS DE LEZO, esq. Blasco Ibañez (de Av. Blaso Ibáñez a Pedro de Valencia)",39.4748604,-0.3510932,656
"AV. LOS NARANJOS, s/n (de Ramón Llull a Luís Peixó)",39.4779652,-0.3392503,657
"AV. LOS NARANJOS, junto parada Metro (de Fausto Elio a Ramón Llull)",39.4779652,-0.3392503,658
"PINTOR FERRANDIS, Nº 6 (de Fco. Eiximenis a Luis Despuig)",39.4722118,-0.3316072,659
"PINTOR FERRANDIS, Nº 33 (de Reina a Padre Luis Navarro)",39.4720272,-0.3284401,660
"PINTOR FERRANDIS, s/n (de Dr. Lluch a Eugenia Viñes)",39.4719172,-0.3281871,661
"PINTOR FERRANDIS, Nº 51 (de Eugenia Viñes a Dr. Lluch)",39.4718165,-0.3258744000000001,662
"DR. LLUCH, Nº 239 (de Pintor Ferrandis a Marina)",39.4720464,-0.3278342,664
"DR. LLUCH, Nº 285 (de En Vicent Guillot a Av. los Naranjos)",39.4734027,-0.3275869,665
"ISABEL DE VILLENA, Nº127 (de Fuente Encarroz a Vicente la Roda)",39.4793323,-0.3257365,666
"ISABEL DE VILLENA, Nº45 (de Vicente la Roda a Río Tajo)",39.4793323,-0.3257365,667
"EUGENIA VIÑES, Nº 235 (de Vicent Guillot a Pintor Ferrandis)",39.473692,-0.3257708,668
"EUGENIA VIÑES, Nº 219 (de Pintor Ferrandis a Espadán)",39.4716599,-0.3257121,669
"EUGENIA VIÑES, Nº 207 (de Espadán a Historiador Coloma)",39.4710825,-0.3258223,670
"CAVITE, Nº 12 (de Av. los Naranjos a Río Tajo)",39.4751772,-0.3263287,671
"RÍO TAJO, Nº 21(de Cavite a Isabel de Villena)",39.4765763,-0.3262507,672
"CAVITE, Nº 25 (de San Juan de Dios a Vicente la Roda)",39.47758710000001,-0.3268723,673
"Av. MALVARROSA, Nº 144 (de Arnaldo de Vilanova a Mendizábal)",39.4839927,-0.3275395,674
"Av. MALVARROSA, Nº 97 (de I. De Hierro a Fuente Encarroz)",39.481987,-0.3281476,675
"Av. MALVARROSA, Nº 92 (de Fuente Encarroz a Vicente la Roda)",39.481017,-0.3278422,676
"VICENTE LA RODA, Nº 35 (de Cavite a Antonio Ponz)",39.4794547,-0.3271783,677
"Av. MALVARROSA, Nº 24 (de San Rafael a San Juan de Dios)",39.4785175,-0.3279128,678
"RÍO TAJO, Nº7 (de Av. Malvarrosa a Cavite)",39.47654635479278,-0.3276302365189275,679
"Av. MALVARROSA, Nº 19 (de Río Tajo a Av. los Naranjos)",39.4760847,-0.3278389,680
"PADRE ANTÓN MARTÍN, Nº 36 (de Río Tajo a San Juan de Dios)",39.4771181,-0.3284801,681
"RÍO TAJO, Nº 24 (de Beato Juan Grande a Padre Antón Martín)",39.476491,-0.3292493,682
"RÍO TAJO, Nº 132 (de Padre Antón Martín a Av. Malvarrosa)",39.4759998,-0.3274471,683
"PADRE ANTÓN MARTÍN, Nº 9 (de Av. los Naranjos a Río Tajo)",39.4759252,-0.3287788,684
"REINA, Nº 275 (de Remonta a En Vicent Guillot)",39.4760604,-0.3912519,685
"REINA, Nº 250 (de En Vicent Guillot a Pintor Ferrandis)",39.4760604,-0.3912519,686
"REINA, Nº 202 (De Espadán a Carlos Ros)",39.4760604,-0.3912519,687
"PROGRESO, Nº 368 (de Remonta a Av. los Naranjos)",39.4740873,-0.328647,688
"DR. LLUCH, Nº 25 (de Iglesia del Rosario a Vicente Gallart)",39.4646604,-0.3288873,689
"VICENTE GALLART, s/n (de Reina a Dr. Lluch)",39.4738338,-0.3756348,690
"DR. LLUCH, Nº 59 (de Marina a Justo Vilar)",39.4660976,-0.3286678000000001,691
"DR. LLUCH, Nº 83 (de Justo Vilar a Mediterráneo)",39.46713039999999,-0.3284984,692
"Av. MEDITERRÁNEO, Nº 35 (de Dr. Lluch a Eugenia Viñes)",39.42637556474725,-0.3727784291293034,693
"DR. LLUCH, Nº 101 (de Mediterráneo a Columbretes)",39.4678844,-0.3284993,694
"DR. LLUCH, Nº 137 (de Amparo Guillem a Pescadores)",39.468972,-0.3282751,695
"DR. LLUCH, Nº 167 (de Travesía Pescadores a Cura Planelles)",39.46978910000001,-0.3281489,696
"CURA PLANELLES, Nº 30 (de Dr. Lluch a Reina)",39.4701161,-0.3282095,697
"REINA, Nº 76 (de Justo Vilar a Marina)",39.47636809999999,-0.3913287,698
"REINA, Nº 42 (de Vicente Gallart a Iglesia del Rosario)",39.4637176,-0.3748456,699
"EUGENIA VIÑES, Nº 187 (de Historiado Coloma a Pescadores)",39.4702783,-0.3258777,701
"C/ PESCADORES, Nº 46 (de Eugenia Viñes a Dr. Lluch)",39.4693429,-0.3258701,702
"EUGENIA VIÑES, Nº 167 (de Pescadores a Mediterráneo)",39.469234,-0.3257155,703
"EUGENIA VIÑES, Nº 129 (de Pescadores a Mediterráneo)",39.4682754,-0.3257316,704
"EUGENIA VIÑES, Nº 77 (de Neptuno a Mediterráneo)",39.4657034,-0.3251373,705
"EUGENIA VIÑES, Nº 75 (de Virgen del Sufragio a Dr. Marco Sopena)",39.465648,-0.3251224,706
"Av. MEDITERRÁNEO, Nº 57 (de Eugenia Viñes a Dr. Lluch)",39.42543634617487,-0.3732799785479773,707
"Av. MEDITERRÁNEO, Nº 23 (de Barraca a Padre Luis Navarro)",39.4229733,-0.3743891,708
"ING. MANUEL SOTO Nº 16, de Comandancia de Marina a Juan Verdeguer.",39.4557901,-0.3302825,710
"DR. J.J.DOMINE, Nº 8 (de Pl. Armada Española a Av. del Puerto)",39.4617111,-0.3319619,711
"I.CANARIAS, s/n (de Av. del Puerto a Ibiza)",39.4738338,-0.3756348,712
"PADRE PORTA, Nº 3 (de Av. del Puerto a Juan Bautista Llovera)",39.4602822,-0.3352414,713
"ARQUITECTO ALFARO, Nº 11 (de Jose Aguirre a Av. del Puerto)",39.46194089999999,-0.3356683,714
"JOSÉ AGUIRRE, Nº 19 (de Arquitecto Alfaro a Virgen del Puig)",39.46214200000001,-0.3360609,715
"IBIZA, Nº 8 (de I.Canarias a Rodrigo de Pertegas)",39.461151,-0.3400029,716
"ING. MANUEL SOTO, Nº 16 (de Juan Verdeguer a Comandancia de Marina)",39.4557901,-0.3302825,717
PTE. DE ASTILLEROS (de Espolón Cantarranas a Nazaret),39.453757,-0.331194,718
"DR. J.J.DOMINE, Nº 4 (de Av. del Puerto a José Aguirre)",39.4608067,-0.3330045,719
"SERRERÍA, esq. J. Vilar (de Justo Vilar a Martí Grajales)",39.4673731,-0.3350149,735
"SERRERÍA, fte. Nº 59 (de Vicente Gallart a Justo Vilar)",39.4765816,-0.3918477,736
"SERRERÍA, Nº 45 (de Santos Justo y Pastor a Jerónimo de Monsoriu)",39.4650737,-0.3360754,737
"SERRERÍA, fte. Nº 37 (de Mariano Cuber a Vicente Gallart)",39.46471250547529,-0.3361886627728762,738
"SERRERÍA, fte. Nº 8 (de José Aguirre a Francisco Cubells)",39.4751521,-0.3903414,739
"SERRERÍA, Nº4 (de Av. del Puerto a José Aguirre)",39.4655703,-0.3356099,740
"SERRERÍA, Nº 3 (de Felipe Salvador a Av. del Puerto)",39.4622142,-0.338475,741
"MARINO BLAS DE LEZO, esq. Grajales (de Martí Grajales a Av. Blasco Ibáñez)",39.4715738,-0.3344099,742
ANTONIO FERRANDIS s/n (de Rafael Ferreres a Profesor López Piñero),39.4476498,-0.3668607,743
"AV. TRES CRUCES, Nº 2 (de Av. del Cid a Padre Estebán Pernet)",39.4687097,-0.4055549,744
"AV. TRES CRUCES, Nº 8 (de Padre Esteban Pernet a Rey Saud)",39.4687097,-0.4055549,745
"AV. TRES CRUCES, Nº 20 (de Habana a Av. Tres Forques)",39.4687097,-0.4055549,746
"HABANA, Nº 9 (de Pl. Murcia a Av. Tres Cruces)",39.4648226,-0.4072764,747
"AV. TRES CRUCES, Nº 34 (de Av. Tres Forques a Hostalers)",39.4687097,-0.4055549,748
"AV. TRES CRUCES, Nº 44 (de Hostalers a Argenters)",39.4687097,-0.4055549,749
AV. TRES CRUCES Nº 44 (carril bus) (de Hostalers a Cº Picaña),39.4687097,-0.4055549,750
"AV. TRES CRUCES, s/n (de Argenters a Cº Nuevo de Picaña)",39.4687097,-0.4055549,751
"AV. TRES CRUCES, Nº 79 (de Dr. Pérez Feliu a Torrente)",39.4687097,-0.4055549,752
"DR. PÉREZ FELIU, Nº 16 (de Emilio Lluch a Av. Tres Cruces)",39.4606158,-0.4025758,753
AV. TRES CRUCES nº 71 (carril bus) (de Torrente a Av. Tres Forques),39.4687097,-0.4055549,754
"AV. TRES CRUCES, Nº 49 (de Av. Tres Forques a Llombay)",39.4687097,-0.4055549,755
"AV. TRES CRUCES, Nº 39 (de Llombay a Músico Ayllón)",39.4687097,-0.4055549,756
"MÚSICO AYLLÓN, Nº 18 (de Jumilla a Av. Tres Cruces)",39.4671442,-0.4049044,757
AV. TRES CRUCES nº 25 (de Músico Ayllón a Dels Jurats),39.4687097,-0.4055549,758
"AV. TRES FORQUES, Nº 120 (de Av. Tres Cruces a Historiador Pedro Sucias)",39.4636518,-0.4073072,759
AV. TRES FORQUES esq. Colonia Española (de Misericordia a V-30),39.46382759999999,-0.4027922,760
"MISERICORDIA, s/n (de Pl. Colonia Española de Méjico a Av. Tres Forques)",39.4646504,-0.4112749000000001,761
"AV. TRES FORQUES, esq. Gremis (de Gremits a Llanterners)",39.46382759999999,-0.4027922,762
"AV. TRES FORQUES, esq. Llanterners (de Llanterners a Saders)",39.46382759999999,-0.4027922,763
AV. TRES FORQUES s/n (de Av. Tres Cruces a Centro Comercial),39.46382759999999,-0.4027922,764
"MAESTRO RODRIGO, Nº 37 (de Gral. Aviles a Vall de la Ballestera)",39.4802019,-0.3999589,765
"MAESTRO RODRIGO, Nº 11 (de Marqués de San Juan a Manuel de Falla)",39.4771508,-0.397978,766
"TIRSO DE MOLINA, Nº 20 (de Catadau a Maestro Rodrigo)",39.47697489999999,-0.3962306,767
MANUEL DE FALLA s/n. (de Grup Parpalló a Hernández Lázaro),39.475495,-0.4014977,768
"AV. CAMPANAR, Nº 108 (de Pza. Joan Pau II a Marqués de San Juan)",39.479575,-0.3941494,769
"P.I. TIRSO DE MOLINA, P.I. (de Tirso de Molina a Manuel de Falla)",39.477726,-0.3939592,770
"TAMARINDOS, fte. Nº 23 (de Vall de la Ballestera a Manuel de Falla)",39.4760604,-0.3912519,771
"VALL DE LA BALLESTERA, esq. Tamarindos (de Tamarindo a Eduardo Soler y Pérez)",39.4784621,-0.4024649,772
"VALL DE LA BALLESTERA, Nº 49 (de Eduardo Soler y Pérez a Maestro Rodrigo)",39.4782976,-0.3996047,773
"MAESTRO RODRIGO, Nº 27 (de Vall de la Ballestera a Marqués de San Juan)",39.4785079,-0.3985906,774
"VALL DE LA BALLESTERA, Nº 39 (de Maestro Rodrigo a Catadau)",39.4789335,-0.3981581,775
"CASTIELFABIB, Nº 18 (de Poeta Antonino Chocomeli a Marqués de San Juan)",39.4791059,-0.3960713,776
"VALL DE LA BALLESTERA, Nº 29 (de Castielfabib a Av. Pío XII)",39.4795234,-0.396345,777
"GRABADOR ENGUIDANOS, Nº 50 (de Barón Barcheta a Vall de la Ballestera)",39.4802008,-0.3972337,778
"VALL DE LA BALLESTERA, fte. Nº33 (de Grabador Enguidanos a Maestro Rodrigo)",39.4789976,-0.4002478,779
"VALL DE LA BALLESTERA, s/n (de Maestro Rodrigo a Eduardo Soler y Pérez)",39.4789976,-0.4002478,780
"VALL DE LA BALLESTERA, Nº 42 (de Eduardo Soler y Pérez a Tamarindos)",39.4785617,-0.4004352,781
"PÍO BAROJA, fte. C.Comercial (de Vall de la Ballestera a Pte. 9 d'Octubre)",39.478085024834606,-0.4063745678909362,782
"MANUEL DE FALLA, s/n (de Hernández Lázaro a Pío Baroja)",39.475495,-0.4014977,783
"MAESTRO RODRIGO, fte. Nº 19 (de Marqués de San Juan a Valle de la Ballestera)",39.4756773,-0.3912987,784
"AV. CAMPANAR, Nº 120 (de Marqués de San Juan a Tirso de Molina)",39.4784016,-0.3945672,785
"TIRSO DE MOLINA, lateral rio (de Pte. Campanar a Av. Campanar)",39.47676999999999,-0.39635,786
"AV. PÍO XII, Nº 33 (de Gaudencio Torres a Vall de la Ballestera)",39.4829269,-0.3945841,787
"AV. CONSTITUCIÓN, fte. Nº 299 (de Río Genil a Av. Hermanos Machado",39.4938287,-0.3729948,788
"AV. CONSTITUCIÓN, Nº 323 (de Tavernes Blanques a Río Genil )",39.5030169,-0.3684793,790
"CONDE LUMIARES, Nº 22 (Pl. Tosal del Rey a Pedro Cabanes)",39.4959887,-0.37225,791
"AV. CONSTITUCIÓN, Nº 191 (de Coronel Montesinos a Pedro Cabanes)",39.4947054,-0.3720035,792
"AV. CORTES VALENCIANAS (LATERAL), Nº 28 de la Safor a Camp de Túria)",39.489856,-0.399122,793
"AV. CORTES VALENCIANAS, Nº 28 (de La Safor a Camp de Túria)",39.49290200000001,-0.4004689,794
"AV. CORTES VALENCIANAS, Nº 39 (de Camp de Túria a La Safor)",39.4921784,-0.4015113,795
"CAMP DE TURIA, S/N (de Av. Cortes Valencianas a Nicasio Benlloch)",39.49352368846195,-0.4057058262070312,796
"DELS PORTS, S/N (PTA. PALACIO CONGRESOS) (de Camp de Túria a Nicasio Benlloch)",39.4964572,-0.4028536,797
"AV. CORTES VALENCIANAS, Nº 17 (de La Safor a Paso Inf. y Gral. Avilés)",39.4890745,-0.3992954,798
"NICASIO BENLLOCH, S/N (ESQ. CAMP DE TURIA) (de Camp de Túria a Sierra de Agullent)",39.4920209,-0.3969234,799
CV-35 SALIDA (desde Camp de Túria),39.503321,-0.4117374,800
"CANAL DE NAVARRES, S/N (de Av. Cortes Valencianas a la Marina Alta)",39.4913386362332,-0.4039709486755205,801
"L'HORTA SUD, S/N (de Av. Cortes Valencianas a Nicasio Benlloch)",39.4933304,-0.3992304,802
"NICASIO BENLLOCH, Nº 122 (de Sierra de Agullent a la Safor)",39.493414,-0.3981307,803
"NICASIO BENLLOCH, Nº 74 (de La Safor a Benicadell)",39.4911657,-0.3958235,804
"LA SAFOR, Nº 10 (de Av. Cortes Valencianas a La Marina Alta)",39.4902599,-0.4004296,805
"MAESTRO RODRIGO, Nº 107 (de la Safor a Gral. Avilés)",39.4864763,-0.4050261,806
"MAESTRO RODRIGO, Nº 78 (de La Safor a Camp de Túria)",39.4888916,-0.4050817,807
"MAESTRO RODRIGO, S/N (de Camp de Túria a La Safor)",39.484251,-0.40254,808
"LA SAFOR, Nº 19 (de Maestro Rodrigo a Av. Cortes Valencianas)",39.4877956,-0.4042085,809
"ACCESO A BENIMAMET, DE MAESTRO RODRIGO  A  BENIMAMET",39.49489262372871,-0.4102352853734955,810
"ACCESO DE BENIMAMET, DE  BENIMAMET A MAESTRO RODRIGO",39.484251,-0.40254,811
"AV. CORTES VALENCIANAS, S/N (de Padre Barranco a Gral. Avilés)",39.489856,-0.399122,812
P.I. AV. PÍO XII (ENTRADA) (de La Safor a Av. Campanar),39.4825108,-0.3936329,813
"AV. FRANCIA, Nº 19 (de Alfredo Torán y Olmos a Tomás Montañana)",39.4603419,-0.350864,814
"ALAMEDA, FRENTE Nº 46 (de Vicente Beltrán a Menorca)",39.470664599776775,-0.3615100577555979,815
"MENORCA, Nº 20 (de Av. Francia a Alameda)",39.4582942,-0.3446677,816
"MENORCA, Nº 17 (de Alameda a Av. Francia)",39.457504,-0.3447962,817
"MENORCA, S/N (de Av. Baleares a Av. Francia)",39.4585704,-0.3437354,818
"PINTOR MAELLA, S/N (de Baleares a Av. Francia)",39.4605561,-0.3478362,819
"MENORCA, Nº 11 (de Av. Baleares a Rodrigo de Pertegas)",39.459558,-0.3417363,820
"IBIZA, Nº 25 (de Av. Baleares a Méndez Nuñez)",39.45934889999999,-0.3401841,821
"MENORCA, Nº 2 (de Rodrigo de Pertegás a Av. Baleares)",39.46050839999999,-0.3410749,822
"IBIZA, Nº 22 (de Méndez Nuñez a Baleares)",39.4600476,-0.3404791,823
"IBIZA, Nº 17 (de Méndez Nuñez a I.Canarias)",39.4601879,-0.3398715,824
"AV. FRANCIA, Nº 16 (de Alfredo Torán y Olmos a Pintor Maella)",39.4595884,-0.3503865,825
"ALAMEDA, Nº 46 (de Vicente Beltrán a Padre Tomás Montañana)",39.4582897,-0.3503466,826
"AV. HERMANOS MACHADO, S/N (De Salvador Cervero a Salida Ciudad)",39.4989705,-0.373908,827
"JUAN XXIII, S/N (de Av. Hnos. Machado a Rio Nervión)",39.4940088,-0.3834309,828
"JUAN XXIII, Nº 45 (de Rio Nervión a Castellonet)",39.4946061,-0.383811,829
"JUAN XXIII, Nº 40 (de Pedro Cabanes a Rio Nervión)",39.4937809,-0.3829633,830
"JUAN XXIII, Nº 33 (de Castellonet a Gil Sumbiela)",39.4929343,-0.3834471,831
"AVENIDA TRES CRUCES, S/N (de Gaspar Aguilar a Campos Crespo)",39.4682774,-0.4060486,832
AV. DR. TOMAS SALA s/n (de Jerónima Galés a Gaspar Aguilar),39.4488877,-0.3923035,833
"AV. DR. TOMAS SALA, Nº 8 (de Pío IX a San Marcelino)",39.4471847,-0.391969,834
AV. DR. TOMAS SALA nº 19 (de Carteros a Jerónima Galés),39.4481387,-0.3900829,835
"AV. DR. TOMAS SALA, S/N (de San Marcelino a San Vicente Mártir)",39.4488877,-0.3923035,836
"AV. DR. TOMAS SALA, Nº 45 (de San Vicente Mártir a Carteros)",39.4472625,-0.3867083,837
"SAN VICENTE MARTIR, Nº 386 (de Fdo. Abril Martorell a Arzobispo Olaechea)",39.4457428,-0.3868097,838
"SAN VICENTE MARTIR, Nº 317 (de Fdo. Abril Martorell a Tomás de Villarroya)",39.4473949,-0.3858036,839
"SAN VICENTE MARTIR, Nº 412 (de Arzobispo Olaechea a Fdo. Abril Martorell)",39.4451261,-0.3870635,840
"ALFAHUIR, Nº 26 (de J. Maria Pinazo a Av. Valladolid)",39.48924909999999,-0.365381,841
"FDO. ABRIL MARTORELL, S,/N (de Ausias March a Cª Malilla)",39.4453863,-0.3779244,842
"FDO. ABRIL MARTORELL, S/N (SALIDA DE LA FE) (de Cª Malilla a Ausias March)",39.4453863,-0.3779244,843
"AV. AUSIAS MARCH, Nº 105 (de Fdo. Abril Martorell a Pista de Silla, salida ciudad)",39.4448704,-0.368528,844
"ANTONIO FERRANDIS, S/N (de Bombero Ramon Duart Carrera Fuente S. Luis)",39.4476498,-0.3668607,845
"Cª FUENTE SAN LUIS, S/N (de Antonio Ferrandis a Ángel de Villena)",39.4438036,-0.3671856,846
"GRABADOR JORDÁN, FRENTE Nº 7 (de Antonio Ferrandis a Río Seco)",39.4444984,-0.3675607,847
"Cª MALILLA, Nº 99 (de Fdo. Abril Martorell a I.Formentera)",39.4401042,-0.3805789,848
FDO. ABRIL MARTORELL CALZADA LATERAL (de Río Eresma a Cª Malilla),39.4453863,-0.3779244,849
"AV. AUSIAS MARCH, Nº 83 (de Antonio Ferrandis a Ebanista Caselles)",39.4476567,-0.3690485,850
"LAURIA, Nº 2 (de Pl. Ayuntamiento a Pascual y Genís)",39.46908882590018,-0.375348094621761,851
GARRIGUES nº 1 (de S. Vicente Mártir a Av. del Oeste),39.4706714,-0.3783792,852
AMADO GRANELL MESADO (MILITAR) nº 7 (de Luís Oliag a Peris y Valero),39.4557525,-0.3625311,853
"JOAQUÍN BALLESTER, Nº 37 (de Beltrán Báguena a Av. Pío XII)",39.4821251,-0.3907878,854
AV. CONSTITUCIÓN Nº 188 (de Coronel Montesinos a Pl. D. Bosco),39.4934559,-0.3728585,855
"AVDA CATALUÑA LATERAL, de Primado Reig a Clariano",39.4826978,-0.3491471,856
"TOMÁS DE VILLARROYA, nº 8 (de Pl. de Holanda a San Vicente)",39.4482345,-0.3869945,857
"SERPIS, Nº 38 (de Cº de Cabañal a Ramón Llull)",39.4750026,-0.3460242,858
"PROFESOR LÓPEZ PIÑERO, ESQUINA POETA JOSEP CERVERA Y GRIFOL (de Salida)",39.4553232,-0.360297,860
V-21 LATERAL SALIDA (de Avda. Naranjos a V-21),39.4903326,-0.3377808,861
"PASO INFERIOR  AVDA. CATALUÑA DE ENTRADA, de V-21 a Primado Reig",39.4912059,-0.3723633,862
"PASO INFERIOR AVDA. CATALUÑA DE SALIDA,  de Primado Reig a V-21",39.4903326,-0.3377808,863
"ALAMEDA, FRENTE Nº 54 (de Menorca a Ibiza)",39.4738338,-0.3756348,864
"PINTOR MAELLA, Nº 35 (de Luis Bolinches a Av. Francia)",39.4582504,-0.3478165,865
VARIANTE V-30 ENTRADA (de V-30 a San Pío X),39.4496556,-0.4066403,866
VARIANTE V-30 SALIDA (de San Pío X a V-30),39.4738338,-0.3756348,867
"ALFAHUIR, Nº 47 (de Hnos. Machado a Santiago Rusiñol)",39.4933644,-0.3601622,868
PASO ELEVADO FDO. ABRIL MARTORELL (de San Vicente Mártir a Cª Malilla),39.4453863,-0.3779244,869
AV. LOS NARANJOS (de Av. Cataluña a Ramón Llull),39.4779652,-0.3392503,870
"AV. ECUADOR, Nº 38 (de Gral. Llorens a Serrano Clavero)",39.4933146,-0.388496,871
"AV. ECUADOR, Nº 44 (de Serrano Clavero a Azucena)",39.4939184,-0.3895165,872
"SERRANO CLAVERO, Nº 43 (de Ecuador a Alcalde Gurrea)",39.4920664,-0.3893002,873
"AVENIDA LEVANTE U.D., S/N (De Avda. Ecuador a Federico Alcacer Aguilar)",39.4960432,-0.3889117,874
"AVDA. LEVANTE U.D.,S/N (de C/ Encarna Albarracín a Avda. Ecuador)",39.4960432,-0.3889117,875
"GRAL. LLORENS, S/N (de Av. de Ecuador a Serrano Clavero)",39.4920198,-0.3860941,876
"FEDERICO ALCACER AGUILAR, S/N (de Serrano Clavero a Juan XXIII)",39.4950412,-0.3864053,877
AV. FRANCIA  s/n esquina Pintor Maella (de Pintor Maella a Higinio Noja),39.4605561,-0.3478362,878
AV. FRANCIA nº 47 (de Higinio Noja a Pintor Maella),39.4594575,-0.3469028,879
"AV. HNOS. MACHADO, Nº 137 (de Cº Moncada a Juan XXIII)",39.4979962,-0.3822539,880
"AV. HNOS. MACHADO, S/N (de Conde de Torrefiel a Cº Moncada)",39.4989705,-0.373908,881
Cº MONCADA - VÍA LATERAL (SALIDA) (de Av. Hnos. Machado a Poble Nou),39.4724081,-0.3736559,882
"Cº MONCADA, S/N (de  Av. Hnos. Machado a Rio Bidasoa)",39.49598440626254,-0.380912550075674,883
"Cº MONCADA, FRENTE Nº 131 (de  Río Bidasoa a Av. Hnos. Machado)",39.49779019466408,-0.3814840762268863,884
Cº MONCADA - P.I. SALIDA (de Valencia a Poble Nou),39.4738338,-0.3756348,885
"AV. CONSTITUCIÓN, Nº 270 (de Santiago Rusiñol a Av. Hnos. Machado)",39.4973765,-0.3705903,886
"SAN JUAN BOSCO, Nº 95 (de Hnos. Machado a Santiago Rusiñol)",39.4972234,-0.3695791,887
"AV. HNOS. MACHADO, FRENTE NUM. 13 (FRENTE C.C. ARENA) (de Op. a Motilla del Palancar a Op. San Vicen",39.4989705,-0.373908,888
ENTRADA A VALENCIA DESDE ALBORAYA (de Alboraya a Av. Hnos. Machado),39.49461796953337,-0.356924222537773,889
SALIDA DE VALENCIA HACIA ALBORAYA (de Ronda Norte a Alboraya),39.4633618,-0.3527075,890
"POETA EMILIO BARÓ, S/N (de Rotonda Ronda Norte a Ismael Merlo)",39.4889576,-0.3602898,891
"ISABEL DE VILLENA, Nº 29 (de Río Tajo a Av. los Naranjos)",39.4761855,-0.3258844,892
"EUGENIA VIÑES, Nº 247 (de Acequia de la Cadena a Vicente Guillot)",39.47420049999999,-0.325744,893
PROFESOR LÓPEZ PIÑERO - Frente UMBRACLE (de Antonio Ferrandis a Pte. de Monteolivete),39.4549911,-0.3531551,894
"AV. BALEARES, Nº 63 (de Vicente Beltrán a Lebón)",39.4619724,-0.3510134,895
"AV. BALEARES, Nº 133 (de Ibiza a Menorca)",39.4593388,-0.3408846,896
JUAN VERDEGUER s/n (de Ing. Manuel Soto a J.J. Sister),39.4587667,-0.3368748,897
"JUAN VERDEGUER, Nº 32 (de Padre porta a Toneleros)",39.4588186,-0.3361768,898
"AV. BALEARES, Nº 45 (de Padre Tomás Montañana a Rio Escalona)",39.4626384,-0.3531896,899
"AV. BALEARES, Nº 4 (de Río Escalona a Andrés Mancebo)",39.4632144,-0.3559479,900
"AV. BALEARES, S/N (de Dama de Elche a Trafalgar)",39.4613092,-0.3492999,901
AV. BALEARES s/n esquina Trafalgar (de Trafalgar a Higinio Noja),39.4606459,-0.3453633,902
"AV. BALEARES, Nº 75 (de Pintor Maella a Vicente Beltrán)",39.4610722,-0.3480336,903
CV-35 ENTRADA (de Empalme a Camp de Túria),39.503321,-0.4117374,904
"TRAFALGAR, Nº 38 (de Av. Baleares a Carolina Álvarez)",39.4606864,-0.3454331,905
ALFREDO TORÁN Y OLMOS nº 1 (de Av. Baleares a Av. Francia),39.4738338,-0.3756348,906
HIGINIO NOJA (PROFESOR) s/n esquina Av. Baleares (de Av. Baleares a Av. Francia),39.4611849,-0.3465246,907
"AV. DEL PUERTO, Nº 22 (de Pl. Zaragoza a Antonio Suarez)",39.4675946,-0.3589642,908
"AV. DEL PUERTO, Nº 64 (de Av. Cardenal Benlloch a José Faus)",39.4663716,-0.354868,909
"AV. DEL PUERTO, Nº 100 (de Abben al Abbar a Dr. Manuel Candela)",39.4658343,-0.3529874,910
AV. PUERTO nº 192 (de Higinio Noja a Trafalgar),39.4634952,-0.3449953,911
"AV. DEL PUERTO, Nº 34 (de Antonio Suarez a Av. Cardenal Benlloch)",39.4671857,-0.3577547,912
"AV. DEL PUERTO, Nº 274 (de Serrería a I.Canarias)",39.46141679999999,-0.3380424,913
"AV. DEL PUERTO, Nº 310 (de Padre Porta a Bello)",39.4605202,-0.3352573,914
"SIETE AGUAS, Nº 5 (de I.Canarias a Av. del Puerto)",39.4617605,-0.3406195,915
"I.CANARIAS, Nº 237 (de Siete Aguas a Noguera)",39.4615949,-0.3409535,916
"NOGUERA, Nº 5 (de I.Canarias a Av. del Puerto)",39.4620413,-0.3415332,917
"I.CANARIAS, Nº 211 (de Dama de Elche a Trafalgar)",39.4624225,-0.3431812,918
"I.CANARIAS, Nº 151 (de Pintor Maella a Vicente Beltrán Grimalt)",39.4638631,-0.3464673,919
"I.CANARIAS, Nº 62 (de Rio Arcos a Lo Rat Penat)",39.4657437,-0.353814,920
"I.CANARIAS, Nº 24 (de Eduardo Boscá a Pº Alameda)",39.466508,-0.3571849,921
"EDUARDO BOSCÁ, Nº 2 (de Av. del Puerto a I.Canarias)",39.4669079,-0.3567945,922
"AV. CARDENAL BENLLOCH, Nº 6 (de Av. del Puerto a Artes y Oficios)",39.4674761,-0.3560478,923
"AV. DEL PUERTO, Nº 140 (de Floresta a Los Leones)",39.4647805,-0.3493678,924
"AV. DEL PUERTO, Nº 156 (de Muñiz y H. De Alba a Pintor Maella)",39.4641009,-0.3470327,925
"AV. DEL PUERTO, Nº 222 (de Dama de Elche a Noguera)",39.4627082,-0.3425609,926
"AV. DEL PUERTO, Nº 246 (de Siete Aguas a Serrería)",39.4620281,-0.3404765,927
SALIDA HACIA V-21,39.48215297333721,-0.3503463169458334,928
INGENIERO MANUEL SOTO s/n ( de Puente de Astilleros a Comandancia de Marina),39.4574058,-0.3315918,929
"EJERCITO ESPAÑOL, (de Ingeniero Manuel Soto a Paseo de Cantarranas)",39.4560248,-0.3315032,930
P.I. ANTONIO FERRANDIS (de Fdo. Abril Martorell a Fuente En Corts),39.4489356,-0.3624643,931
"AMPARO ITURBI, Nº 71 (de Juan Ramón Jiménez a Av. Ausias March)",39.4549759,-0.3759109,932
ACTOR ANTONIO FERRANDIS s/n (de Carrera en Corts a Profesor López Piñero),39.4495911,-0.3605835,933
"AVDA. LEVANTE U.D., S/N (de Federico Alcacer Aguilar a Ronda Norte)",39.4960432,-0.3889117,934
"AVDA. ECUADOR FRENTE Nº 95, (de Miguel Galan a Salvador Cervero)",39.4940449,-0.3905408,935
"AVDA. ECUADOR  Nº 101, (de  Salvador Cervero a Miguel Galan)",39.496511,-0.3935682,936
"SALVADOR CERVERO, Nº 2 (de Avda. Ecuador a C/ José Albi)",39.4977348,-0.3926267,937
"SALVADOR CERVERO, S/N (de C/ Ninot a Avda. Ecuador)",39.4986112,-0.3913473,938
"SALVADOR CERVERO, FRENTE Nº 19 (de C/ Ninot a Av. Hnos. Machado)",39.4986112,-0.3913473,939
DUQUE DE MANDAS FTE. Nº 30 (De Motilla del Palancar a San Vicente de Paul),39.4925477,-0.3678015,940
DUQUE DE MANDAS Nº 26 (De San Vicente de Paul a M. Palancar),39.4924444,-0.367999,941
SAN VICENTE DE PAUL Nº 36 (De Duque de Mandas a Arquitecto Tolsá),39.4928866,-0.3675301,942
"SAN VICENTE DE PAUL, S/N (FRENTE IGLESIA) ( De Duque de Mandas a Av. Primado Reig)",39.4933047,-0.367226,943
"DUQUE DE MANDAS, S/N (FRENTE IGLESIA) (De San Vicente de Paul a Padre Viñas)",39.4925477,-0.3678015,944
SAN VICENTE DE PAUL ESQ ARQUITECTO TOLSA ( De A. Tolsá a Santiago Rusiñol),39.4933047,-0.367226,945
"ARQUITECTO TOLSA, S/N (De San Vicente de Paul a Motilla del Palancar)",39.4933047,-0.367226,946
MOTILLA DEL PALANCAR ESQUINA DUQUE DE MANDAS (De Duque de Mandas a Arquitecto Tolsá),39.4886527,-0.3691017,947
ALFAHUIR Nº 7 (De Porta Coeli a Primado Reig),39.4884637,-0.3679609,948
MARCOS SOPENA s/n (De Plaza Armada Española a Eugenia Viñes),39.4631428,-0.3265397,949
FRANCISCO CUBELLS Nº 14 (de Arquitecto Alfaro a S. Jose de la Vega),39.463175,-0.3348923,950
"CONDE LUMIARES Nº 42, de Santiago Rusiñol a Meliana.",39.4974988,-0.3715504,951
"DR. LLUCH Nº 50, De Omet a Virgen del Sufragio",39.4661622,-0.3277658,952
"VIRGEN DEL SUFRAGIO s/n, De tranvia a Dr. Lluch",39.4684189,-0.3280921,953
"EUGENIA VIÑES s/n, De Marcos Sopena a Neptuno",39.4692723,-0.3255189,954
"MARCOS SOPENA s/n, De Eugenia Viñes a Plaza Armada Española",39.4631428,-0.3265397,955
"FRANCISCO CUBELLS Nº 4, (de Consuelo a Virgen del Puig)",39.4635561,-0.3362042,956
"ARQUITECTO ALFARO Nº 31, (de Fco Cubells a José Aguirre)",39.4632588,-0.3354258,957
"FRANCISCO CUBELLS Nº 28, (de Fco. Baldomá a San Pascual)",39.46303899999999,-0.3335551,958
"FRANCISCO BALDOMA Nº 20, (de Fco. Cubells a José Aguirre)",39.4630105,-0.3336616000000001,959
ESCALANTE Nº 22 (de Francisco Cubells a Mariano Cuber),39.4631545,-0.3314509,960
PLAZA ARMADA ESPAÑOLA s/n (de Fco. Cubells a Pza. Armada Española),39.4628248,-0.3290187,961
PLAZA ARMADA ESPAÑOLA Nº 5 (de Reina a Barraca),39.4637203,-0.3296905,962
DR. LLUCH Nº 3 (de Pza. Armada Española a Travesía Iglesia del Rosario),39.4637382,-0.3290047,963
"SAN VTE. DE PAUL, S/N (CAMPO LEVANTE), (de Santiago Rusiñol a Hermanos Machado)",39.4738338,-0.3756348,964
"SANTIAGO RUSIÑOL, S/N (ESQ. S. VTE. PAUL), (de S. Vte. De Paul a Alfahuir)",39.4951966,-0.3662715,965
"EDUARDO PRIMO YUFERA (OCEANOGRAFICO), de Jesús Morante Borras a Profesor López Piñero",39.4519462,-0.3467599,966
"PROFESOR LÓPEZ PIÑERO (PALACIO DE LAS ARTES), de Puente de Monteolivete a Avda. La Plata.",39.4559624,-0.3552235,967
"CALLE URUGUAY, Nº 5 (de Jerónimo Muñoz a Giorgeta )",39.4597259,-0.385923,968
"FRANCISCO CUBELLS  Nº 40, (de San Pascual a Escalante)",39.462971,-0.3324922,970
"CAMINO DE LAS MORERAS S/N, (De Adolfo Azcarraga a Alqueria Fabrero)",39.4513318,-0.3409991,971
CAMINO DE LAS MORERAS S/N. (De Alqueria Fabrero a Adolfo Azcarraga),39.4513318,-0.3409991,972
LES BARRAQUES DEL FIGUERO S/N ( De Carrera del Riu a Dels Llauradors ),39.4502273,-0.3386886,973
"PASO SUPERIOR SALIDA, ( De Nazaret a Oceanográfico )",39.4633618,-0.3527075,974
LES BARRAQUES DEL FIGUERO S/N. ( De Camino Canal a Adolfo Azcarraga ),39.4502273,-0.3386886,975
CAMINO DEL CANAL ( De Camino Moreras a Barraques del Figuero ),39.4468652,-0.3355314,976
"PONT DE L' ASSUT DE L' OR, (De Menorca a Profesor López Piñero)",39.4547561,-0.3497882,977
"GIRO BUS PUENTE DE CAMPANAR, espira de demanda",39.4758232,-0.3964079,978
JERÓNIMA GALÉS (IMPRESORA) esquina Av. Dr. Tomás Sala  (Salida),39.4524726,-0.3909248,979
"V-21 , Salida de Camino de Vera y Politecnico a V-21",39.487588,-0.341883,980
"CLARIANO ESQUINA AVDA. CATALUÑA, (de Avda. Cataluña a Albalat dels Tarongers)",39.4782813,-0.3513538,981
PASO INFERIOR CLARIANO DE SALIDA,39.4633618,-0.3527075,982
"DR. VICENTE ZARAGOZA, de Daniel Balaciart a Rotonda V-21",39.4832892,-0.3572899,983
"Cº MONCADA, Nº 96 (de C/ Cambrils a Jacomart)",39.4950656,-0.3802295,984
FDO. ABRIL MARTORELL (De Rio Eresma a Cª Malilla),39.4453863,-0.3779244,985
"AVDA. JOSÉ ROCA COLL, s/n (de Pio XI a Humanista Mariner)",39.4586477,-0.3980312,986
AV. TRES CRUCES s/n (de Campos Crespo a Canónigo Tárrega),39.4687097,-0.4055549,987
AV. PERIS Y VALERO nº 194 (de Reino de Valencia a Alcalde Reig),39.4627554,-0.361513,988
CAMPOS CRESPO s/n (de Montesa a Dr. Marañón),39.4546186,-0.3982959,989
PIO XI nº 43 (de Fray Junípero Serra a Xera),39.4566932,-0.3951209,990
XERA s/n (de Pío XI a Dr. Marañón),39.4572075,-0.3934284,991
PIO XI s/n (de Virgen de la Cabeza a Fontanares),39.458474,-0.3937778,992
"HUMANISTA MARINER, nº 37 (de Virgen de la Cabeza a Fray Junípero Serra)",39.4586245,-0.3958927,993
VIRGEN DE LA CABEZA s/n (de Humanista Mariner a Pío XI),39.4605495,-0.3976373,994
"VALL D'UIXO, nº 8 (de Virgen de la Cabeza a Fray Junípero Serra)",39.45958520000001,-0.3974015,995
"VALL D'UIXO, s/n (de Fray Junípero Serra a Virgen de la Cabeza)",39.4594078,-0.3971113,996
AVDA. JOSÉ ROCA COLL nº 20 (de Vall d'Uixo a Vicente Clavell),39.459192,-0.3980245,997
"BOLIVIA, s/n (de Músico Gomis a Fray Junípero Serra)",39.4572355,-0.3997192,998
CARRETERA DE ALBA (De Camino Saboner),39.4360823,-0.3968267,999
"LUÍS PEIXÓ, Nº 22 (de Pintor Dalmau a Cº Cabañal)",39.4736448,-0.3335787,1000
"JACA, Nº 1 (de Alboraya a Almazora)",39.4847315,-0.3702195,1001
JUAN DE GARAY s/n (de Pintor Agrassot a aCampos Crespo),39.454509,-0.3944273,1002
CAMPOS CRESPO nº 34 (de Fray Junípero Serra a Campaners),39.4562223,-0.3965771,1003
"CANONIGO TÁRREGA, s/n (de Fray Junípero Serra a Músico Gomis)",39.4563008,-0.3984998,1004
"BORRASCA, s/n (de Canónigo Tárrega a Campos Crespo)",39.4552448,-0.3991348,1005
"MUSICO GOMIS, s/n (de Canónigo Tárrega a Campos Crespo)",39.4583776,-0.3990755,1006
"Cª MALILLA, S/N (de V-30 a Fdo. Abril Martorell)",39.4399359,-0.3806368,1007
AVDA. GENERAL AVILÉS nº 14 (entrada túnel) (De General Avilés a Juan XXIII),39.4878051,-0.3919856,1008
PONT DE FUSTA ( de Cronista Rivelles a Conde Trenor),39.4797495,-0.3742254,1009
ACCESO LA FE DESDE AUSIAS MARCH (de Ausias March a Via Lateral La Fe),39.448326,-0.3700265,1010
ACCESO A LA FE DESDE FDO. ABRIL MARTORELL por VIA LATERAL (Desde Fdo. Abril Martorell a Camino Azaga,39.4434752,-0.3760153,1011
VIA LATERAL LA FE SALIDA A Cª MALILLA (de La Fe a Carrera Malilla),39.4399359,-0.3806368,1012
VIA LATERAL DELANTE DE LA FE (Desde acceso a La Fe a Camino Azagador del Moro),39.4434752,-0.3760153,1013
VIA LATERAL LA FE SALIDA a FDO. ABRIL MARTORELL (De lateral Hospital La FE a Fdo. Abril Martorell),39.4453863,-0.3779244,1014
P.I. ÁNGEL GUIMERÁ (de Quevedo a Palleter),39.4706217,-0.3852723,1015
ARCHIDUQUE CARLOS nº 2 (de Avda. Cid a Chiva),39.4671717,-0.3929491000000001,1016
P. I. Tres Forques - Ciudad Ros Casares,39.4663404,-0.4019162000000001,1017
ABEN AL ABBAR nº 45 (de Salvador Pau a Santos Justo y Pastor),39.4704011,-0.3512832,1018
BEATA GENOVEVA TORRES S/N,39.4738338,-0.3756348,1019
C/ VIRGEN DE LA CABEZA nº 73 (de Tres Forques a José Mª. Mortes Lerma),39.4635941,-0.3996629,1020
C/ JERÓNIMO MUÑÓZ nº 10 (de C/ Carcagente a Av. Gaspar Aguilar),39.4590889,-0.3875456,1021
C/ GENERAL LLORENS nº 30 (de Periodista Gil Sumbiela a Av. Ecuador),39.4918296,-0.3858435,1022
AVDA. DEL CID Nº42,39.4695821,-0.4054033,1023
VALL DE LA BALLESTERA Nº64,39.4789976,-0.4002478,1024
HERNANDEZ LAZARO Nº 16,39.477518,-0.4034426,1025
HERNANDEZ LAZARO S/N (CARREFOUR),39.4773634,-0.4034545,1026
"I.CANARIAS, Nº 129 (de Pintor Maella a Lebón)",39.4644209,-0.3486331,1027
"AVINGUDA DE L´OEST, 47 (de Pl. S. Agustín a Padilla)",39.4694434,-0.3794177,1028
BOMBERO RAMON DUART S/N (de Ángel Villena a Antonio Ferrandis),39.4518741,-0.3649054,1029
BOMBERO RAMON DUART Nº 10 (de Dr. Marañon a Ángel Villena),39.4514625,-0.3649146,1030
ÁNGEL VILLENA S/N (de Amado Granell Mesado a Bombero Ramón Duart),39.449485,-0.3655443,1031
"C/CASTELLONET DE LA CONQUESTA, frente nº 19",39.4929366,-0.3845669,1032
BOMBERO RAMON DUART S/N (de Ángel Villena a Dr. Marañón),39.4518741,-0.3649054,1033
"AV. AMADO GRANELL MESADO (MILITAR) Nº 36, (De Luis Oliag a Avda. de la Plata)",39.4575457,-0.3643724,1034
"L'HORTA SUD, S/N (de Nicasio Benlloch a Av. Cortes Valencianas)",39.4933304,-0.3992304,1035
AV. CATALUÑA GIRO A CAMINO DE VERA (V21 SALIDA),39.4829933,-0.3489977,1036
"AV. BURJASOT, Nº 301 (Salida Ciudad)",39.4983906,-0.4001604,1037
"SALVADOR CERVERO, S/N (de Av. Hnos. Machado a C/ Ninot)",39.4986112,-0.3913473,1038
"FDO. ABRIL MARTORELL, S/N (de Cª Malilla a Av. Ausias March)",39.4453863,-0.3779244,1039
PTE. DE MONTEOLIVETE (de Alameda a Profesor López Piñero),39.457904,-0.3545219,1040
CAMPOS CRESPO s/n ( DE Borrasca a Avda. Tres Cruces),39.4546186,-0.3982959,1041
AV. AMADO GRANELL MESADO (MILITAR) nº 43 (de Av. La Plata a Villahermosa),39.4574578,-0.3635528,1042
MARQUÉS DEL TURIA - H. CORTÉS (GERMANÍAS),39.4665749,-0.3702226,1043
"AV. LOS NARANJOS, s/n (de Cavite a Av. Malvarrosa)",39.4779652,-0.3392503,1045
AV. DEL OESTE nº 28 (de Garrigues a Linterna),39.4717718,-0.3800772,1046
PTE. DE ADEMUZ (de Av. Pío XII giro a Pº Pechina),39.4780655,-0.3906446,1047
"CIUDADELA, Nº 15 (de Justicia a Pl. de América)",39.4754614,-0.3909938,1048
"AV. HNOS. MACHADO, Nº 137 (de Juan XXIII a Cº Moncada)",39.4979962,-0.3822539,1049
F. CATÓLICO - PECHINA DE ENTRADA (PL. ESPAÑA),39.4738338,-0.3756348,1050
AV. AMADO GRANELL MESADO (MILITAR) nº 4 (de Peris y Valero a Luís Oliag),39.4605395,-0.3665085,1051
P.I. PÉREZ GALDÓS (GIORGETA),39.468691,-0.3913944,1052
"Cº NUEVO PICAÑA, Nº 6 (de Coeters a Arquitecto Segura Lago - Giro)",39.4565742,-0.4045204000000001,1053
ESTUDIO PUNTO DE MEDIDA 9181,39.4738338,-0.3756348,1054
"Av. MEDITERRÁNEO, Nº 5 (de Escalante a Marino Sierra)",39.4229733,-0.3743891,1055
TRES FORQUES (ARCHIDUQUE CARLOS),39.4663404,-0.4019162000000001,1056
"MENÉNDEZ PIDAL, Nº 15 (de Pte. Ademuz a Beltrán Báguena)",39.4800023,-0.3907192,1057
DR. PESET ALEIXANDRE (GENERAL AVILÉS),39.4902932,-0.3817261,1058
"Av. MEDITERRÁNEO, Nº 23 (de Padre Luis Navarro a Barraca)",39.4229733,-0.3743891,1059
"ALBALAT DELS TARONGERS, Nº 10 (de Vinalopó a Clariano)",39.4781169,-0.3499876,1060
"AVENIDA TRES CRUCES, S/N (de Campos Crespo a Gaspar Aguilar)",39.4682774,-0.4060486,1061
"DR. VICENTE ZARAGOZÁ, s/n (de Hnos.Villalonga a Mistral)",39.4837057,-0.3587386,1062
"AV. CORTES VALENCIANAS (LATERAL), Nº 17 (de La Safor a Padre Barranco)",39.4890745,-0.3992954,1063
F. CATÓLICO DE SALIDA (PÍO XII),39.4738338,-0.3756348,1064
"Pº PECHINA, S/N (de 9 de Octubre a Rincón de Ademuz)",39.4755917,-0.39485,1065
RUZAFA (MERCADO RUZAFA),39.4612576,-0.3736584,1066
P.I MENÉNDEZ PIDAL - TIRSO DE MOLINA,39.4788457,-0.3911649,1067
P.I. PÉREZ GALDÓS (PUENTE CAMPANAR),39.468691,-0.3913944,1070
"SERRERÍA, s/n (de Río Jalón a Peaña)",39.4655703,-0.3356099,1071
PADRE FERRIS (DR. PESET ALEIXANDRE),39.4839395,-0.3854838,1072
HIGINIO NOJA (PROFESOR) esquina Islas Canarias (de Islas Canarias a Rodrigo de Pertegás),39.46337690000001,-0.3454273,1073
GERMANÍAS (PL. ESPAÑA),39.4738338,-0.3756348,1074
"AV. HNOS. MACHADO, S/N (de Sta. Genoveva Torres a Av. Alfahuir)",39.4989705,-0.373908,1075
AV. AMADO GRANELL MESADO (MILITAR) nº 48 (de Av. La Plata a Arabista Ambrosio Huici),39.4558665,-0.3632789,1076
"PINTOR MAELLA, S/N (FRENTE EL CORTE INGLES) (de Luis Bolinches a Menorca)",39.4605561,-0.3478362,1077
"AV. HNOS. MACHADO, S/N (LATERAL P.I.) (de Av. Alfahuir a Cº Moncada)",39.4989705,-0.373908,1080
"AV. HNOS. MACHADO, S/N (de Av. Alfahuir a Op. Sta. Genoveva Torres)",39.4989705,-0.373908,1082
P.I. AV. PÍO XII (SALIDA) (de Av. Campanar a La Safor),39.4825108,-0.3936329,1083
"Cª MALILLA, S/N (de Fdo. Abril Martorell a V-30)",39.4399359,-0.3806368,1084
"AV. HNOS. MACHADO, S/N (ESTADIO LEVANTE) (de San Vicente de Paul a Sta. Genoveva Torres)",39.4989705,-0.373908,1085
"AV. TRES CRUCES, Nº 8 (carril bus) (de Estebán Pernet a Rey Saud)",39.4687097,-0.4055549,1086
PTE. CAMPANAR (de Manuel de Falla a Peréz Galdós),39.4828243,-0.3922198,1087
"AV. PERIS Y VALERO, Nº 177 (de Alejandro VI a Duque de Calabria)",39.4617437,-0.3644401,1088
AUTOPISTA DEL SALER LATERAL SALIDA (de Antonio Ferrandis a CV-500),39.44729,-0.344874,1089
HERMANOS MACHADO (JUAN XXIII),39.4989705,-0.373908,1090
CONDE LUMIARES - HERMANOS MACHADO,39.4984624,-0.3712461,1091
CAMPOS CRESPO s/n (de Campaners a Borrasca),39.4546186,-0.3982959,1092
REUS (JOAQUÍN BALLESTER),39.4859169,-0.3817226,1093
PTE. 9 D'OCTUBRE (de Manuel de Falla a Pº Pechina),39.4736745,-0.4059177,1094
P.I AV. DEL CID ENTRADA,39.4695821,-0.4054033,1095
Cº MONCADA - VÍA LATERAL (ENTRADA) (de Poble Nou a  Av. Hnos. Machado),39.4724081,-0.3736559,1096
ANTONIO FERRANDIS s/n (de Profesor López Piñero a Rafael Ferreres),39.4476498,-0.3668607,1097
PTE. DE ADEMUZ (de Pº Pechina a Av. Pío XII),39.4780655,-0.3906446,1098
"AV. HNOS. MACHADO, S/N (ENTRADA P.I.) (de Cº Moncada a Conde Lumiares)",39.4989705,-0.373908,1099
PTE. DEL REAL (de Llano del Real a Tetuán),39.476479,-0.3686098,1100
"AV. HNOS. MACHADO, S/N (SALIDA P.I.) (de Constitución a Santo Domingo Savio)",39.4989705,-0.373908,1101
RAMÓN Y CAJAL - JESÚS (F. CATÓLICO),39.46714,-0.38298,1102
RUAYA (SAGUNTO),39.4854805,-0.3767823,1103
AV. BURJASOT (BURJASOT),39.4913452,-0.3923204,1104
"PROFESOR LÓPEZ PIÑERO (ESQUINA C/ NINO BRAVO),  de Nino Bravo a Instituto Obrero Valenciano.",39.4559624,-0.3552235,1106
CAMINO DE LAS MORERAS S/N. ( De Carrera del Riu a Dels Llauradors),39.4513318,-0.3409991,1107
AV. TRES FORQUES s/n (de Centro Comercial a Salida V-30),39.46382759999999,-0.4027922,1108
"AV. LOS NARANJOS, s/n (de Beato Juan Grande a Fausto Elio)",39.4779652,-0.3392503,1109
PLAZA ARMADA ESPAÑOLA s/n (de Dr. Lluch a Reina),39.4628248,-0.3290187,1110
"AV. GRAL. AVILÉS, Nº 14 (rampa de salida del P.I. De Peset a Gral. Avilés)",39.4878242,-0.3919411,1111
"Cª FUENTE SAN LUIS, S/N (de Ángel de Villena a Antonio Ferrandis)",39.4438036,-0.3671856,1112
"AV. HNOS. MACHADO, S/N (de Cº Moncada a Conde Torrefiel)",39.4989705,-0.373908,1113
"RAMÓN LLULL, S/N (de Albalat dels Tarongers a Av. los Naranjos)",39.4771068,-0.3466349,1114
TRES CRUCES ENTRADA - M. AYLLÓN (TRES FORQUES),39.4738338,-0.3756348,1115
DR. NICASIO BENLLOCH (LA SAFOR),39.4920209,-0.3969234,1116
"AVDA. JOSÉ ROCA COLL, s/n (de Canónigo Tárrega a Pío XI)",39.4586477,-0.3980312,1117
ESTUDIO PUNTO DE MEDIDA 9172,39.4738338,-0.3756348,1118
P.I. MENÉNDEZ PIDAL - TIRSO DE MOLINA,39.4788457,-0.3911649,1119
PASEO PECHINA - TORRES,39.4755917,-0.39485,1120
"AV. BLASCO IBÁÑEZ, Nº 66 (de Bélgica a Av. Cardenal Benlloch)",39.4751699,-0.3538938,1121
"AV. HNOS. MACHADO, S/N (VÍA LATERAL) (de Av. Constitución a Cno. Moncada)",39.4989705,-0.373908,1122
PASO ELEVADO FDO. ABRIL MARTORELL (de Cº Malilla a San Vicente Mártir),39.4453863,-0.3779244,1123
"PONT DE L' ASSUT DE L' OR, (De Autopista El Saler a Menorca)",39.4547561,-0.3497882,1124
CAMPOS CRESPO s/n ( de Borrasca a Juan de Garay),39.4546186,-0.3982959,1125
"AV. CONSTITUCIÓN, fte. Nº 299 (de Río Genil a Tavernes Blanques)",39.4938287,-0.3729948,1126
PADRE FERRIS (PUENTE DE LAS ARTES),39.4839395,-0.3854838,1128
AV. TRES CRUCES nº 25  (BUS) (de Músico Ayllón a Dels Jurats),39.4687097,-0.4055549,1129
"AV. HNOS. MACHADO, S/N (LATERAL P.I.) (de Padre Viñas a San Vicente de Paul)",39.4989705,-0.373908,1130
CAMINO DEL CANAL ( De Fontilles a Josep Soler Carnicer ),39.4468652,-0.3355314,1131
"AV. ECUADOR, Nº 44 (de Azucena a Serrano Clavero)",39.4939184,-0.3895165,1132
"GRAL. AVILÉS, Nº 42 (de Av. Pio XII a Aparicio Albiñana)",39.4856239,-0.3971224,1133
PTE. ANGEL CUSTODIO (de Alameda a Jacinto Benavente),39.4634362,-0.3599222,1134
CAMPOS CRESPO s/n ( de Juan de Garay a Montesa),39.4546186,-0.3982959,1135
"Pº PECHINA, S/N (de Pte. 9 d'Octubre a Mislata)",39.4755917,-0.39485,1136
"PINTOR MAELLA, S/N (de Av. Francia a Av. Baleares)",39.4605561,-0.3478362,1137
ARCHIDUQUE CARLOS (AV. CID),39.4628043,-0.3973111,1138
"GRAL. LLORENS, S/N (de Serrano Clavero a Av. de Ecuador)",39.4920198,-0.3860941,1139
P.I. CAMINO DE MONCADA (POBLE NOU),39.4940296,-0.3800767,1140
P.I MANUEL DE FALLA,39.475495,-0.4014977,1141
"AV. LOS NARANJOS, s/n (de Luis Peixó a Tramoyeres)",39.4779652,-0.3392503,1142
"AV. PERIS Y VALERO, Nº 191 (de Salamanca a Reino de Valencia)",39.4627734,-0.3623494,1143
"CIUDADELA, Nº 7 (de Pte. del Real a Justicia)",39.4751191,-0.3907901,1144
"Cº NUEVO PICAÑA, Nº 6 (de Coeters a Pedrapiquers)",39.4565742,-0.4045204000000001,1145
AV. TRES FORQUES s/n (de Centro Comercial a Salida Lateral Av. del Cid),39.46382759999999,-0.4027922,1146
"SAN VICENTE DE PAUL, S/N (ESQ. HNOS. MACHADO), de Hnos. Machado a Santiago Rusiñol.",39.4933047,-0.367226,1147
"AVDA. JOSÉ ROCA COLL, s/n (de Vte. Clavell a Vall d'Uixo)",39.4586477,-0.3980312,1148
"ANTONIO FERRANDIS, S/N  (de Grabador Jordán a Carrera Fuente En Corts)",39.4476498,-0.3668607,1149
"AV. HNOS. MACHADO, S/N (POLIDEPORTIVO MARNI) (de Salida P.I. a San Vicente de Paul)",39.4989705,-0.373908,1150
RONDA NORTE (de Poeta Emilio Baró a Av. Valladolid),39.492213,-0.355942,1151
"AV. ECUADOR, Nº 38 (de Platanos a Gral. Llorens)",39.4933146,-0.388496,1152
PTE. DE MONTEOLIVETE (de Profesor López Piñero a Alameda),39.457904,-0.3545219,1153
PUENTE DE LAS ARTES (PADRE FERRIS),39.4808243,-0.3834769,1154
"PÍO BAROJA, S/N (de General Avilés a Maestro Rodrigo)",39.4777796,-0.4063719,1155
"EDUARDO PRIMO YUFERA (FRENTE OCEANOGRAFICO),  de Profesor López Piñero a Jesús Morante Borrás",39.4457552,-0.34387,1156
AV. TRES CRUCES s/n (de Profesor Blanco a Archiduque Carlos),39.4687097,-0.4055549,1158
CAMINO DE MONCADA (POBLE NOU),39.4940296,-0.3800767,1159
PTE. DE ASTILLEROS (de Nazaret a Espolón Cantarranas),39.453757,-0.331194,1160
P.I. PROFESOR LÓPEZ PIÑERO (de Av. de la Plata a Salida),39.4559624,-0.3552235,1161
"AV. HERMANOS MACHADO, S/N (De Salvador Cervero a Av. Del Levante U.D.)",39.4989705,-0.373908,1162
"DR. J.J.DOMINE, Nº 8 (de Av. del Puerto a Pl Armada Española)",39.4617111,-0.3319619,1163
"MENORCA, S/N (de Av. Francia a Av. Baleares)",39.4585704,-0.3437354,1164
"AV. LOS NARANJOS, s/n (de Dr. Lluch a Cavite)",39.4779652,-0.3392503,1165
"AV. HNOS. MACHADO, S/N (LATERAL P.I.) (de Santo Domingo a Conde Lumiares)",39.4989705,-0.373908,1166
P.I. MAURO GUILLEM - MENÉNDEZ PIDAL,39.4816425,-0.3840643,1167
"AVDA. JOSÉ ROCA COLL, s/n (de Humanista Mariner a Vall d'Uixo)",39.4586477,-0.3980312,1168
"GUILLEM DE CASTRO, Nº 33 (de Guillem de Castro a Ángel Guimerá por P.I.)",39.4689445,-0.3819187000000001,1169
"SANTIAGO RUSIÑOL, S/N (ESQ. S. VTE. PAUL), De S. Vte. De Paul a Padre Viñas.",39.4941668,-0.3705096,1170
"AVDA. JOSÉ ROCA COLL, s/n (de Vall d'Uixo a Humanista Mariner)",39.4586477,-0.3980312,1171
"PL. AMÉRICA, Nº 1 (de Pte. de Aragón a Pl. América)",39.4696214,-0.3649102,1172
AV. CAMPANAR (TIRSO DE MOLINA),39.4828243,-0.3922198,1173
"SAN VICENTE DE PAUL, S/N (De Santiago Rusiñol a Arquitecto Tolsa)",39.4933047,-0.367226,1174
"PÍO BAROJA, S/N (de Maestro Rodrigo a Gral. Avilés)",39.4777796,-0.4063719,1175
P.I CAMINO DE MONCADA (LATERAL),39.4940296,-0.3800767,1176
P.I. ANTONIO FERRANDIS (de Fuente En Corts a Fdo. Abril Martorell),39.4489356,-0.3624643,1177
PTE. DE LAS ARTES (de Pº Pechina a Padre Ferris),39.4808243,-0.3834769,1178
PTE. REINO VALENCIA (de Alcalde Reig a Alameda),39.4618716,-0.3590014,1179
ESTUDIO PUNTO DE MEDIDA 9171,39.4738338,-0.3756348,1180
"JUAN XXIII, S/N (GASOLINERA) (de Río Nervión a Av. Hnos. Machado)",39.4940088,-0.3834309,1181
"AV. GRAL. AVILÉS, Nº 14 (de Conchita Piquer a Nicasio Benlloch)",39.4878242,-0.3919411,1182
"AV. CORTES VALENCIANAS (LATERAL), Nº 39 (de Camp de Túria a La Safor)",39.4921784,-0.4015113,1183
"AV. TRES CRUCES, Nº 34 (sólo para carril Bus)(de Av. Tres Forques a Hostalers)",39.4687097,-0.4055549,1184
"AV. CAMPANAR, Nº 108 ( de Marqués de San Juan a Pío XII )",39.479575,-0.3941494,1185
A. PALACIO VALDES - AMADEO DE SABOYA (B. IBÁÑEZ),39.4741361,-0.363926,1186
"Cº NUEVO PICAÑA, Nº 5 (de Coeters a Tres Cruces)",39.4569945,-0.403091,1187
PTE. DE ARAGÓN (de Pl. Zaragoza a Pl. América),39.4689075,-0.3626537,1188
P.I. CAMINO DE MONCADA (ENTRADA),39.4940296,-0.3800767,1189
P.E. AV. GIORGETA (de Av. Peris y Valero a Av. Giorgeta),39.4584878,-0.384095,1190
"AV. LOS NARANJOS, s/n (de Ramon Llull a Luís Peixó)",39.4779652,-0.3392503,1191
F.CATOLICO (SALIDA) - QUART (PL.ESPAÑA),39.4754516,-0.3858838,1192
TRES CRUCES SALIDA - ESTEBAN PERNET (TRES FORQUES),39.4671124,-0.4101142,1193
"AV. AUSIAS MARCH, Nº 105 (de V-31a Antonio Ferrandis)",39.4448704,-0.368528,1194
"MAURO GUILLEM, Nº 1 (de Av. Burjasot a Padre Ferris)",39.4824463,-0.3830541,1195
"ALAMEDA, FRENTE Nº 27 (de Pte. de las Flores a Pte. de Aragón)",39.470514,-0.36167,1211
AUTOPISTA DEL SALER LATERAL ENTRADA (De CV-500 a Pont de l'Assut de l'Or),39.437956,-0.338479,1212
"Pº MARÍTIMO, nudo 3211 (de Fuente Encarroz a Vicente la Roda)",39.459447,-0.332779,1214
Cº MONCADA - P.I. ENTRADA (de Poble Nou a Valencia),39.503465,-0.383355,1216
"CAMP DE TURIA, S/N (de Maestro Rodrigo a Marina Baixa)",39.487157,-0.404643,1217
RONDA NORTE (AV. CATALUÑA),39.481511,-0.350602,1218
"G.V. FERNANDO EL CATÓLICO, Nº 4 (giro de Cuenca a Angel Guimerá)",39.470515,-0.385366,1219
"CAMP DE TURIA, S/N (de Nicasio Benlloch a Cortes Valencianas)",39.494262,-0.402201,1220
